sample,site,moist_grav,temp,preinc_start,preinc_end,inc_start,inc_end,CO2,C13,flask_vol,dry_soil
1,bare_fallow,1,5,19/05/11 00:00,19/05/11 00:00,19/05/11 00:00,23/06/11 00:00,437,-29.15,125,170
1,bare_fallow,1,20,23/06/11 00:00,04/07/11 00:00,04/07/11 00:00,07/07/11 00:00,606.5,-29.48,125,170
1,bare_fallow,1,20,07/07/11 00:00,07/07/11 00:00,07/07/11 00:00,25/07/11 00:00,885,-28.74,125,170
1,bare_fallow,1,35,25/07/11 00:00,26/07/11 15:00,26/07/11 15:00,29/07/11 14:00,920,-26.65,125,170
1,bare_fallow,1,5,29/07/11 14:00,02/08/11 00:00,02/08/11 00:00,14/10/11 20:30,234.85,,125,170
1,bare_fallow,1,35,14/10/11 20:30,17/10/11 20:51,17/10/11 20:51,16/11/11 00:00,4957.41,-28.59,125,170
2,bare_fallow,1,5,16/05/11 00:00,16/05/11 00:00,16/05/11 00:00,23/06/11 00:00,411,-23.65,125,170
2,bare_fallow,1,20,23/06/11 00:00,04/07/11 00:00,04/07/11 00:00,07/07/11 00:00,596.5,-29.07,125,170
2,bare_fallow,1,20,07/07/11 00:00,07/07/11 00:00,07/07/11 00:00,25/07/11 00:00,926.45,-29.8,125,170
2,bare_fallow,1,35,25/07/11 00:00,26/07/11 15:00,26/07/11 15:00,29/07/11 14:00,894,-27.08,125,170
2,bare_fallow,1,5,29/07/11 14:00,02/08/11 00:00,02/08/11 00:00,14/10/11 20:36,216.15,,125,170
2,bare_fallow,1,35,14/10/11 20:36,17/10/11 20:51,17/10/11 20:51,16/11/11 00:00,3596.01,-28.16,125,170
3,bare_fallow,1,5,16/05/11 00:00,16/05/11 00:00,16/05/11 00:00,23/06/11 00:00,514.5,-27.48,125,170
3,bare_fallow,1,20,23/06/11 00:00,04/07/11 00:00,04/07/11 00:00,07/07/11 00:00,551,-27.08,125,170
3,bare_fallow,1,20,07/07/11 00:00,07/07/11 00:00,07/07/11 00:00,25/07/11 00:00,702,-28.48,125,170
3,bare_fallow,1,35,25/07/11 00:00,26/07/11 15:00,26/07/11 15:00,29/07/11 14:00,847,-26.51,125,170
3,bare_fallow,1,5,29/07/11 14:00,02/08/11 00:00,02/08/11 00:00,14/10/11 20:43,237.46,,125,170
3,bare_fallow,1,35,14/10/11 20:43,17/10/11 20:51,17/10/11 20:51,16/11/11 00:00,4442.22,-28.8,125,170
4,bare_fallow,3,5,19/05/11 00:00,30/05/11 00:00,30/05/11 00:00,23/06/11 00:00,326,-19.11,500,90
4,bare_fallow,3,20,23/06/11 00:00,04/07/11 00:00,04/07/11 00:00,15/07/11 00:00,117,,500,90
4,bare_fallow,3,20,15/07/11 00:00,15/07/11 00:00,15/07/11 00:00,22/07/11 20:00,102.5,,500,90
4,bare_fallow,3,35,22/07/11 20:00,25/07/11 20:20,25/07/11 20:20,27/07/11 16:10,108.9,,500,90
4,bare_fallow,3,5,27/07/11 16:10,02/08/11 00:00,02/08/11 00:00,11/10/11 00:00,350.47,,500,90
4,bare_fallow,3,20,11/10/11 00:00,17/10/11 11:30,17/10/11 11:30,17/11/11 00:00,254.34,,500,90
5,bare_fallow,4.8,5,03/05/11 00:00,30/05/11 00:00,30/05/11 00:00,23/06/11 00:00,322,-24.13,500,90
5,bare_fallow,4.8,20,23/06/11 00:00,04/07/11 00:00,04/07/11 00:00,15/07/11 00:00,5116,-30.23,500,90
5,bare_fallow,4.8,20,15/07/11 00:00,15/07/11 00:00,15/07/11 00:00,22/07/11 20:00,3643,-29.5,500,90
5,bare_fallow,4.8,35,22/07/11 20:00,25/07/11 20:20,25/07/11 20:20,27/07/11 16:10,2176,-26.9,500,90
5,bare_fallow,4.8,5,27/07/11 16:10,02/08/11 00:00,02/08/11 00:00,11/10/11 00:00,2437.34,-26.85,500,90
5,bare_fallow,4.8,20,11/10/11 00:00,17/10/11 11:30,17/10/11 11:30,17/11/11 00:00,14194.11,-27.19,500,90
6,bare_fallow,5.1,5,03/05/11 00:00,30/05/11 00:00,30/05/11 00:00,23/06/11 00:00,330,-26.44,500,90
6,bare_fallow,5.1,20,23/06/11 00:00,04/07/11 00:00,04/07/11 00:00,15/07/11 00:00,5539.5,-29.89,500,90
6,bare_fallow,5.1,20,15/07/11 00:00,15/07/11 00:00,15/07/11 00:00,22/07/11 20:00,4055.5,-29.63,500,90
6,bare_fallow,5.1,35,22/07/11 20:00,25/07/11 20:20,25/07/11 20:20,27/07/11 16:10,3529,-27.35,500,90
6,bare_fallow,5.1,5,27/07/11 16:10,02/08/11 00:00,02/08/11 00:00,11/10/11 00:00,2249.76,-26.57,500,90
6,bare_fallow,5.1,20,11/10/11 00:00,17/10/11 11:30,17/10/11 11:30,17/11/11 00:00,14677.3,-27.51,500,90
7,bare_fallow,7,5,19/05/11 00:00,30/05/11 00:00,30/05/11 00:00,23/06/11 00:00,515,-24.86,500,90
7,bare_fallow,7,20,23/06/11 00:00,04/07/11 00:00,04/07/11 00:00,15/07/11 00:00,4244,-28.69,500,90
7,bare_fallow,7,20,15/07/11 00:00,15/07/11 00:00,15/07/11 00:00,22/07/11 20:00,4494,-29.45,500,90
7,bare_fallow,7,35,22/07/11 20:00,25/07/11 20:20,25/07/11 20:20,27/07/11 16:10,3752.5,-27.13,500,90
7,bare_fallow,7,5,27/07/11 16:10,02/08/11 00:00,02/08/11 00:00,14/10/11 19:34,3409.88,-26.89,500,90
7,bare_fallow,7,35,14/10/11 19:34,17/10/11 11:00,17/10/11 11:00,25/10/11 17:39,21917.5,-27.24,500,90
7,bare_fallow,7,20,25/10/11 17:39,10/11/11 00:00,10/11/11 00:00,17/11/11 18:33,4411.6,-26.66,500,90
8,bare_fallow,7,5,03/05/11 14:00,16/05/11 00:00,16/05/11 00:00,19/05/11 00:00,206,,500,90
8,bare_fallow,7,5,19/05/11 00:00,30/05/11 00:00,30/05/11 00:00,23/06/11 00:00,458,-24.45,500,90
8,bare_fallow,7,20,23/06/11 00:00,04/07/11 00:00,04/07/11 00:00,15/07/11 00:00,5945,-29.53,500,90
8,bare_fallow,7,20,15/07/11 00:00,15/07/11 00:00,15/07/11 00:00,22/07/11 20:00,5523,-29.45,500,90
8,bare_fallow,7,35,22/07/11 20:00,25/07/11 20:20,25/07/11 20:20,27/07/11 16:10,2727,-26.64,500,90
8,bare_fallow,7,5,27/07/11 16:10,02/08/11 00:00,02/08/11 00:00,14/10/11 19:49,2807.49,-27.07,500,90
8,bare_fallow,7,35,14/10/11 19:49,17/10/11 11:00,17/10/11 11:00,18/10/11 17:46,1752.99,-26.42,500,90
8,bare_fallow,7,35,18/10/11 17:46,18/10/11 00:00,18/10/11 00:00,25/10/11 17:47,9715.43,-27.35,500,90
8,bare_fallow,7,20,25/10/11 17:47,10/11/11 00:00,10/11/11 00:00,17/11/11 18:44,3879.78,-26.57,500,90
9,bare_fallow,7,5,03/05/11 14:00,16/05/11 00:00,16/05/11 00:00,19/05/11 00:00,99,,500,90
9,bare_fallow,7,5,19/05/11 00:00,30/05/11 00:00,30/05/11 00:00,23/06/11 00:00,613.5,-25.49,500,90
9,bare_fallow,7,20,23/06/11 00:00,04/07/11 00:00,04/07/11 00:00,15/07/11 00:00,7662,-29.93,500,90
9,bare_fallow,7,20,15/07/11 00:00,15/07/11 00:00,15/07/11 00:00,22/07/11 20:00,7235,-29.63,500,90
9,bare_fallow,7,35,22/07/11 20:00,25/07/11 20:20,25/07/11 20:20,27/07/11 16:10,5291,-27.18,500,90
9,bare_fallow,7,5,27/07/11 16:10,02/08/11 00:00,02/08/11 00:00,14/10/11 19:22,4028.8,-26.17,500,90
9,bare_fallow,7,35,14/10/11 19:22,17/10/11 11:00,17/10/11 11:00,18/10/11 16:21,3339.71,-27.11,500,90
9,bare_fallow,7,35,18/10/11 16:21,18/10/11 00:00,18/10/11 00:00,25/10/11 17:19,19465.84,-27.54,500,90
9,bare_fallow,7,20,25/10/11 17:19,10/11/11 00:00,10/11/11 00:00,17/11/11 18:51,6585.02,-26.95,500,90
10,bare_fallow,9,5,19/05/11 00:00,30/05/11 00:00,30/05/11 00:00,23/06/11 00:00,730,-26.25,500,90
10,bare_fallow,9,20,23/06/11 00:00,04/07/11 00:00,04/07/11 00:00,15/07/11 00:00,11665,-30.19,500,90
10,bare_fallow,9,20,15/07/11 00:00,15/07/11 00:00,15/07/11 00:00,22/07/11 19:00,7521,-29.65,500,90
10,bare_fallow,9,35,22/07/11 19:00,25/07/11 20:20,25/07/11 20:20,27/07/11 16:10,3871.5,-26.56,500,90
10,bare_fallow,9,5,27/07/11 16:10,02/08/11 00:00,02/08/11 00:00,14/10/11 19:00,4493.06,-27.19,500,90
10,bare_fallow,9,35,14/10/11 19:00,17/10/11 11:00,17/10/11 11:00,18/10/11 17:41,2235.76,-26.41,500,90
10,bare_fallow,9,35,18/10/11 17:41,18/10/11 00:00,18/10/11 00:00,25/10/11 17:57,11719.13,-27.24,500,90
10,bare_fallow,9,20,25/10/11 17:57,10/11/11 00:00,10/11/11 00:00,17/11/11 18:07,3752.38,-27.4,500,90
11,bare_fallow,9,5,03/05/11 14:00,16/05/11 00:00,16/05/11 00:00,19/05/11 00:00,116,,500,90
11,bare_fallow,9,5,19/05/11 00:00,30/05/11 00:00,30/05/11 00:00,23/06/11 00:00,1955.5,-29.44,500,90
11,bare_fallow,9,20,23/06/11 00:00,04/07/11 00:00,04/07/11 00:00,15/07/11 00:00,13679,-29.05,500,90
11,bare_fallow,9,20,15/07/11 00:00,15/07/11 00:00,15/07/11 00:00,22/07/11 19:00,4659.5,-28.21,500,90
11,bare_fallow,9,35,22/07/11 19:00,25/07/11 20:20,25/07/11 20:20,27/07/11 16:10,3274,-26.56,500,90
11,bare_fallow,9,5,27/07/11 16:10,02/08/11 00:00,02/08/11 00:00,14/10/11 19:11,3551.12,-27.52,500,90
11,bare_fallow,9,35,14/10/11 19:11,17/10/11 11:00,17/10/11 11:00,18/10/11 16:14,2833.66,-27.28,500,90
11,bare_fallow,9,35,18/10/11 16:14,18/10/11 00:00,18/10/11 00:00,25/10/11 17:27,13657,-27.82,500,90
11,bare_fallow,9,20,25/10/11 17:27,10/11/11 00:00,10/11/11 00:00,17/11/11 18:17,3774.14,-26.39,500,90
12,bare_fallow,9,5,03/05/11 14:00,16/05/11 00:00,16/05/11 00:00,19/05/11 00:00,99.15,,500,90
12,bare_fallow,9,5,19/05/11 00:00,30/05/11 00:00,30/05/11 00:00,23/06/11 00:00,535,-25.05,500,90
12,bare_fallow,9,20,23/06/11 00:00,04/07/11 00:00,04/07/11 00:00,15/07/11 00:00,4201.5,-29.32,500,90
12,bare_fallow,9,20,15/07/11 00:00,15/07/11 00:00,15/07/11 00:00,22/07/11 19:00,5707.5,-30,500,90
12,bare_fallow,9,35,22/07/11 19:00,25/07/11 20:20,25/07/11 20:20,27/07/11 16:10,3457.5,-27.79,500,90
12,bare_fallow,9,5,27/07/11 16:10,02/08/11 00:00,02/08/11 00:00,14/10/11 18:50,2302.96,-26.55,500,90
12,bare_fallow,9,35,14/10/11 18:50,17/10/11 11:00,17/10/11 11:00,18/10/11 16:08,2452.98,-27.57,500,90
12,bare_fallow,9,35,18/10/11 16:08,18/10/11 00:00,18/10/11 00:00,25/10/11 16:35,23941.76,-27.96,500,90
12,bare_fallow,9,20,25/10/11 16:35,10/11/11 00:00,10/11/11 00:00,17/11/11 17:59,8134.07,-27.35,500,90
13,bare_fallow,11,5,19/05/11 00:00,30/05/11 00:00,30/05/11 00:00,23/06/11 00:00,1130.5,-26.31,500,90
13,bare_fallow,11,20,23/06/11 00:00,04/07/11 00:00,04/07/11 00:00,15/07/11 00:00,19405,-29.78,500,90
13,bare_fallow,11,20,15/07/11 00:00,15/07/11 00:00,15/07/11 00:00,22/07/11 18:00,9448,-28.55,500,90
13,bare_fallow,11,35,22/07/11 18:00,23/07/11 20:34,23/07/11 20:34,24/07/11 17:38,2066,-27.72,500,90
13,bare_fallow,11,5,24/07/11 17:38,02/08/11 00:00,02/08/11 00:00,14/10/11 18:42,4216.52,-26.23,500,90
13,bare_fallow,11,35,14/10/11 18:42,17/10/11 11:00,17/10/11 11:00,18/10/11 15:49,2473.79,-26.21,500,90
13,bare_fallow,11,35,18/10/11 15:49,18/10/11 00:00,18/10/11 00:00,25/10/11 14:58,12797.69,-26.81,500,90
13,bare_fallow,11,20,25/10/11 14:58,10/11/11 00:00,10/11/11 00:00,17/11/11 17:49,3836.5,-26.72,500,90
14,bare_fallow,11,5,03/05/11 14:00,16/05/11 00:00,16/05/11 00:00,19/05/11 00:00,90.5,,500,90
14,bare_fallow,11,5,19/05/11 00:00,30/05/11 00:00,30/05/11 00:00,23/06/11 00:00,911.5,-28.13,500,90
14,bare_fallow,11,20,23/06/11 00:00,04/07/11 00:00,04/07/11 00:00,15/07/11 00:00,12211,-29.29,500,90
14,bare_fallow,11,20,15/07/11 00:00,15/07/11 00:00,15/07/11 00:00,22/07/11 18:00,4548.5,-28.38,500,90
14,bare_fallow,11,35,22/07/11 18:00,23/07/11 20:29,23/07/11 20:29,24/07/11 17:30,1199,-27.22,500,90
14,bare_fallow,11,5,24/07/11 17:30,02/08/11 00:00,02/08/11 00:00,14/10/11 18:20,3581.3,-27.48,500,90
14,bare_fallow,11,35,14/10/11 18:20,17/10/11 11:00,17/10/11 11:00,18/10/11 15:43,1706.27,-26.25,500,90
14,bare_fallow,11,35,18/10/11 15:43,18/10/11 00:00,18/10/11 00:00,25/10/11 16:08,8162.9,-27.08,500,90
14,bare_fallow,11,20,25/10/11 16:08,10/11/11 00:00,10/11/11 00:00,17/11/11 18:24,2741.64,-26.2,500,90
15,bare_fallow,11,5,03/05/11 14:00,16/05/11 00:00,16/05/11 00:00,19/05/11 00:00,105.2,,500,90
15,bare_fallow,11,5,19/05/11 00:00,30/05/11 00:00,30/05/11 00:00,23/06/11 00:00,579,-24.59,500,90
15,bare_fallow,11,20,23/06/11 00:00,04/07/11 00:00,04/07/11 00:00,15/07/11 00:00,11572.5,-29.92,500,90
15,bare_fallow,11,20,15/07/11 00:00,15/07/11 00:00,15/07/11 00:00,22/07/11 18:00,4663,-28.52,500,90
15,bare_fallow,11,35,22/07/11 18:00,23/07/11 20:39,23/07/11 20:39,24/07/11 17:23,1736.5,-28.49,500,90
15,bare_fallow,11,5,24/07/11 17:23,02/08/11 00:00,02/08/11 00:00,14/10/11 18:32,2350.64,-26.06,500,90
15,bare_fallow,11,35,14/10/11 18:32,17/10/11 11:00,17/10/11 11:00,18/10/11 16:57,4230.02,-27.8,500,90
15,bare_fallow,11,35,18/10/11 16:57,18/10/11 00:00,18/10/11 00:00,25/10/11 15:52,22501.07,-27.26,500,90
15,bare_fallow,11,20,25/10/11 15:52,10/11/11 00:00,10/11/11 00:00,17/11/11 17:24,6430.94,-26.82,500,90
16,bare_fallow,12,5,16/05/11 00:00,27/05/11 00:00,27/05/11 00:00,23/06/11 00:00,3737,-29.68,500,90
16,bare_fallow,12,20,23/06/11 00:00,04/07/11 00:00,04/07/11 00:00,15/07/11 00:00,12386,-29.01,500,90
16,bare_fallow,12,20,15/07/11 00:00,15/07/11 00:00,15/07/11 00:00,22/07/11 18:00,4558.5,-28.21,500,90
16,bare_fallow,12,35,22/07/11 18:00,23/07/11 20:39,23/07/11 20:39,24/07/11 17:15,1776,-27.92,500,90
16,bare_fallow,12,5,24/07/11 17:15,02/08/11 00:00,02/08/11 00:00,14/10/11 17:46,3934.09,-26.56,500,90
16,bare_fallow,12,35,14/10/11 17:46,17/10/11 11:00,17/10/11 11:00,18/10/11 16:01,3081.4,-26.75,500,90
16,bare_fallow,12,35,18/10/11 16:01,18/10/11 00:00,18/10/11 00:00,25/10/11 16:26,16318.95,-27.03,500,90
16,bare_fallow,12,20,25/10/11 16:26,10/11/11 00:00,10/11/11 00:00,17/11/11 17:08,3539.25,-26.65,500,90
17,bare_fallow,12,5,03/05/11 14:00,16/05/11 00:00,16/05/11 00:00,19/05/11 00:00,106.1,,500,90
17,bare_fallow,12,5,19/05/11 00:00,27/05/11 00:00,27/05/11 00:00,23/06/11 00:00,638.5,-25.88,500,90
17,bare_fallow,12,20,23/06/11 00:00,04/07/11 00:00,04/07/11 00:00,15/07/11 00:00,14354,-29.53,500,90
17,bare_fallow,12,20,15/07/11 00:00,15/07/11 00:00,15/07/11 00:00,22/07/11 18:00,5343.5,-28.13,500,90
17,bare_fallow,12,35,22/07/11 18:00,23/07/11 20:39,23/07/11 20:39,24/07/11 16:59,1196.5,-26.76,500,90
17,bare_fallow,12,5,24/07/11 16:59,02/08/11 00:00,02/08/11 00:00,14/10/11 17:56,3796.03,-27.07,500,90
17,bare_fallow,12,35,14/10/11 17:56,17/10/11 11:00,17/10/11 11:00,18/10/11 15:54,1437.73,-25.92,500,90
17,bare_fallow,12,35,18/10/11 15:54,18/10/11 00:00,18/10/11 00:00,25/10/11 13:54,7659.86,-26.92,500,90
17,bare_fallow,12,20,25/10/11 13:54,10/11/11 00:00,10/11/11 00:00,17/11/11 17:16,3167.59,-26.22,500,90
18,bare_fallow,12,5,03/05/11 14:00,16/05/11 00:00,16/05/11 00:00,19/05/11 00:00,148.8,,500,90
18,bare_fallow,12,5,19/05/11 00:00,27/05/11 00:00,27/05/11 00:00,23/06/11 00:00,1095,-26.23,500,90
18,bare_fallow,12,20,23/06/11 00:00,04/07/11 00:00,04/07/11 00:00,15/07/11 00:00,10787.5,-28.78,500,90
18,bare_fallow,12,20,15/07/11 00:00,15/07/11 00:00,15/07/11 00:00,22/07/11 18:00,4244,-28.16,500,90
18,bare_fallow,12,35,22/07/11 18:00,23/07/11 20:39,23/07/11 20:39,24/07/11 17:07,2042.5,-27.96,500,90
18,bare_fallow,12,5,24/07/11 17:07,02/08/11 00:00,02/08/11 00:00,14/10/11 17:37,3471.73,-26.31,500,90
18,bare_fallow,12,35,14/10/11 17:37,17/10/11 00:00,17/10/11 00:00,18/10/11 18:44,3846.32,-26.92,500,90
18,bare_fallow,12,35,18/10/11 18:44,18/10/11 00:00,18/10/11 00:00,25/10/11 12:50,19056.68,-27.46,500,90
18,bare_fallow,12,20,25/10/11 12:50,10/11/11 00:00,10/11/11 00:00,17/11/11 16:57,5608.81,-27.12,500,90
19,bare_fallow,13,5,19/05/11 00:00,19/05/11 00:00,19/05/11 00:00,23/06/11 00:00,5210.5,-30.03,500,90
19,bare_fallow,13,20,23/06/11 00:00,04/07/11 00:00,04/07/11 00:00,15/07/11 00:00,12281,-28.63,500,90
19,bare_fallow,13,20,15/07/11 00:00,15/07/11 00:00,15/07/11 00:00,22/07/11 18:00,4587,-28.44,500,90
19,bare_fallow,13,35,22/07/11 18:00,23/07/11 20:34,23/07/11 20:34,24/07/11 16:44,1704.5,-27.88,500,90
19,bare_fallow,13,5,24/07/11 16:44,02/08/11 00:00,02/08/11 00:00,14/10/11 15:05,3897.91,-26.97,500,90
19,bare_fallow,13,35,14/10/11 15:05,17/10/11 11:00,17/10/11 11:00,18/10/11 18:14,3087.3,-26.52,500,90
19,bare_fallow,13,35,18/10/11 18:14,18/10/11 00:00,18/10/11 00:00,25/10/11 13:24,15191.37,-27.04,500,90
19,bare_fallow,13,20,25/10/11 13:24,10/11/11 00:00,10/11/11 00:00,17/11/11 16:47,3585.17,-26.28,500,90
20,bare_fallow,13,5,03/05/11 14:00,16/05/11 00:00,16/05/11 00:00,19/05/11 00:00,116.25,,500,90
20,bare_fallow,13,5,19/05/11 00:00,19/05/11 00:00,19/05/11 00:00,24/05/11 00:00,135.79,-25.87,500,90
20,bare_fallow,13,5,24/05/11 00:00,27/05/11 00:00,27/05/11 00:00,14/06/11 00:00,560.5,-25.16,500,90
20,bare_fallow,13,5,14/06/11 00:00,14/06/11 00:00,14/06/11 00:00,23/06/11 00:00,663.5,-25.5,500,90
20,bare_fallow,13,20,23/06/11 00:00,04/07/11 00:00,04/07/11 00:00,15/07/11 00:00,9368.5,-29.36,500,90
20,bare_fallow,13,20,15/07/11 00:00,15/07/11 00:00,15/07/11 00:00,22/07/11 18:00,3566,-28.15,500,90
20,bare_fallow,13,35,22/07/11 18:00,23/07/11 20:41,23/07/11 20:41,24/07/11 16:28,1063,-27.25,500,90
20,bare_fallow,13,5,24/07/11 16:28,02/08/11 00:00,02/08/11 00:00,14/10/11 14:59,2684.05,-26.54,500,90
20,bare_fallow,13,35,14/10/11 14:59,17/10/11 11:00,17/10/11 11:00,18/10/11 17:53,1677.72,-26.14,500,90
20,bare_fallow,13,35,18/10/11 17:53,18/10/11 00:00,18/10/11 00:00,25/10/11 12:42,8859.19,-26.91,500,90
20,bare_fallow,13,20,25/10/11 12:42,10/11/11 00:00,10/11/11 00:00,17/11/11 14:11,3545.72,-26.65,500,90
21,bare_fallow,13,5,03/05/11 14:00,16/05/11 00:00,16/05/11 00:00,19/05/11 00:00,143.5,,500,90
21,bare_fallow,13,5,19/05/11 00:00,19/05/11 00:00,19/05/11 00:00,24/05/11 00:00,166.65,,500,90
21,bare_fallow,13,5,24/05/11 00:00,27/05/11 00:00,27/05/11 00:00,23/06/11 00:00,1246,-27.15,500,90
21,bare_fallow,13,20,23/06/11 00:00,04/07/11 00:00,04/07/11 00:00,15/07/11 00:00,11400,-28.96,500,90
21,bare_fallow,13,20,15/07/11 00:00,15/07/11 00:00,15/07/11 00:00,22/07/11 18:00,4751.5,-28.28,500,90
21,bare_fallow,13,35,22/07/11 18:00,23/07/11 20:34,23/07/11 20:34,24/07/11 16:36,2165,-28.32,500,90
21,bare_fallow,13,5,24/07/11 16:36,02/08/11 00:00,02/08/11 00:00,14/10/11 17:00,4030.12,-26.33,500,90
21,bare_fallow,13,35,14/10/11 17:00,17/10/11 11:00,17/10/11 11:00,18/10/11 19:15,4192.14,-26.99,500,90
21,bare_fallow,13,35,18/10/11 19:15,18/10/11 00:00,18/10/11 00:00,25/10/11 11:23,17811.03,-27.42,500,90
21,bare_fallow,13,20,25/10/11 11:23,10/11/11 00:00,10/11/11 00:00,17/11/11 16:29,5280.18,-26.69,500,90
22,bare_fallow,15,5,24/05/11 00:00,14/06/11 00:00,14/06/11 00:00,23/06/11 00:00,5135.5,-29.43,500,90
22,bare_fallow,15,20,23/06/11 00:00,04/07/11 00:00,04/07/11 00:00,15/07/11 00:00,9544,-27.65,500,90
22,bare_fallow,15,20,15/07/11 00:00,15/07/11 00:00,15/07/11 00:00,22/07/11 18:00,4779,-27.66,500,90
22,bare_fallow,15,35,22/07/11 18:00,23/07/11 20:34,23/07/11 20:34,24/07/11 16:50,2487.5,-28.05,500,90
22,bare_fallow,15,5,24/07/11 16:50,02/08/11 00:00,02/08/11 00:00,14/10/11 14:41,4757.45,-26.09,500,90
22,bare_fallow,15,35,14/10/11 14:41,17/10/11 11:00,17/10/11 11:00,18/10/11 19:08,4589.16,-26.54,500,90
22,bare_fallow,15,35,18/10/11 19:08,18/10/11 00:00,18/10/11 00:00,25/10/11 11:32,21123.52,-26.75,500,90
22,bare_fallow,15,20,25/10/11 11:32,10/11/11 00:00,10/11/11 00:00,17/11/11 16:02,5378.1,-26.75,500,90
23,bare_fallow,15,5,03/05/11 14:00,16/05/11 00:00,16/05/11 00:00,19/05/11 00:00,887,-27.81,500,90
23,bare_fallow,15,5,19/05/11 00:00,19/05/11 00:00,19/05/11 00:00,24/05/11 00:00,974.45,-28.42,500,90
23,bare_fallow,15,5,24/05/11 00:00,27/05/11 00:00,27/05/11 00:00,14/06/11 00:00,4280,-29.33,500,90
23,bare_fallow,15,20,14/06/11 00:00,04/07/11 00:00,04/07/11 00:00,15/07/11 00:00,11009,-28.69,500,90
23,bare_fallow,15,20,15/07/11 00:00,15/07/11 00:00,15/07/11 00:00,22/07/11 18:00,5953,-28.9,500,90
23,bare_fallow,15,35,22/07/11 18:00,23/07/11 20:29,23/07/11 20:29,24/07/11 16:14,2324,-27.67,500,90
23,bare_fallow,15,5,24/07/11 16:14,02/08/11 00:00,02/08/11 00:00,14/10/11 14:28,5028.33,-26.49,500,90
23,bare_fallow,15,35,14/10/11 14:28,17/10/11 11:00,17/10/11 11:00,18/10/11 18:05,3789.6,-26.11,500,90
23,bare_fallow,15,35,18/10/11 18:05,18/10/11 00:00,18/10/11 00:00,25/10/11 13:35,18888.18,-26.71,500,90
23,bare_fallow,15,20,25/10/11 13:35,10/11/11 00:00,10/11/11 00:00,17/11/11 15:55,4713.5,-27.02,500,90
24,bare_fallow,15,5,03/05/11 14:00,16/05/11 00:00,16/05/11 00:00,19/05/11 00:00,118,-25.17,500,90
24,bare_fallow,15,5,19/05/11 00:00,19/05/11 00:00,19/05/11 00:00,24/05/11 00:00,248.95,-26.07,500,90
24,bare_fallow,15,5,24/05/11 00:00,27/05/11 00:00,27/05/11 00:00,14/06/11 00:00,1011.5,-25.6,500,90
24,bare_fallow,15,20,14/06/11 00:00,04/07/11 00:00,04/07/11 00:00,15/07/11 00:00,13666,-28.14,500,90
24,bare_fallow,15,20,15/07/11 00:00,15/07/11 00:00,15/07/11 00:00,22/07/11 18:00,6082.5,-27.63,500,90
24,bare_fallow,15,35,22/07/11 18:00,23/07/11 20:29,23/07/11 20:29,24/07/11 16:20,2060,-26.69,500,90
24,bare_fallow,15,5,24/07/11 16:20,02/08/11 00:00,02/08/11 00:00,14/10/11 18:05,5209.09,-26.17,500,90
24,bare_fallow,15,35,14/10/11 18:05,17/10/11 11:00,17/10/11 11:00,18/10/11 16:44,4490.23,-26.62,500,90
24,bare_fallow,15,35,18/10/11 16:44,18/10/11 00:00,18/10/11 00:00,25/10/11 15:04,16604.93,,500,90
24,bare_fallow,15,20,25/10/11 15:04,10/11/11 00:00,10/11/11 00:00,17/11/11 15:41,3448.8,-25.71,500,90
25,bare_fallow,17,5,19/05/11 00:00,19/05/11 00:00,19/05/11 00:00,24/05/11 00:00,468.32,-28.89,500,90
25,bare_fallow,17,5,24/05/11 00:00,24/05/11 00:00,24/05/11 00:00,23/06/11 00:00,4120,-29.91,500,90
25,bare_fallow,17,20,23/06/11 00:00,04/07/11 00:00,04/07/11 00:00,15/07/11 00:00,8990,-28.58,500,90
25,bare_fallow,17,20,15/07/11 00:00,15/07/11 00:00,15/07/11 00:00,22/07/11 17:00,4381,-28.21,500,90
25,bare_fallow,17,35,22/07/11 17:00,23/07/11 20:25,23/07/11 20:25,24/07/11 15:46,1728.5,-27.78,500,90
25,bare_fallow,17,5,24/07/11 15:46,02/08/11 00:00,02/08/11 00:00,14/10/11 13:13,4153.48,-27.17,500,90
25,bare_fallow,17,35,14/10/11 13:13,17/10/11 11:00,17/10/11 11:00,18/10/11 18:39,2951.54,-26.74,500,90
25,bare_fallow,17,35,18/10/11 18:39,18/10/11 00:00,18/10/11 00:00,25/10/11 13:41,14462.98,-27.02,500,90
25,bare_fallow,17,20,25/10/11 13:41,10/11/11 00:00,10/11/11 00:00,17/11/11 15:13,3663.31,-26.17,500,90
26,bare_fallow,17,5,03/05/11 14:00,16/05/11 00:00,16/05/11 00:00,19/05/11 00:00,227,-23.02,500,90
26,bare_fallow,17,5,19/05/11 00:00,19/05/11 00:00,19/05/11 00:00,24/05/11 00:00,456.6,-25.69,500,90
26,bare_fallow,17,5,24/05/11 00:00,24/05/11 00:00,24/05/11 00:00,14/06/11 00:00,3266,-27.23,500,90
26,bare_fallow,17,20,14/06/11 00:00,04/07/11 00:00,04/07/11 00:00,15/07/11 00:00,11553.5,-27.9,500,90
26,bare_fallow,17,20,15/07/11 00:00,15/07/11 00:00,15/07/11 00:00,22/07/11 16:00,5919,-27.9,500,90
26,bare_fallow,17,35,22/07/11 16:00,23/07/11 20:29,23/07/11 20:29,24/07/11 16:06,1870.5,-26.65,500,90
26,bare_fallow,17,5,24/07/11 16:06,02/08/11 00:00,02/08/11 00:00,14/10/11 12:31,6199.21,-24.57,500,90
26,bare_fallow,17,35,14/10/11 12:31,17/10/11 11:00,17/10/11 11:00,18/10/11 19:25,2164.55,-24.53,500,90
26,bare_fallow,17,35,18/10/11 19:25,18/10/11 00:00,18/10/11 00:00,25/10/11 11:16,6833.52,-26.16,500,90
26,bare_fallow,17,20,25/10/11 11:16,10/11/11 00:00,10/11/11 00:00,17/11/11 14:31,2816.55,-24.6,500,90
27,bare_fallow,17,5,03/05/11 14:00,16/05/11 00:00,16/05/11 00:00,19/05/11 00:00,237.5,-25.32,500,90
27,bare_fallow,17,5,19/05/11 00:00,24/05/11 00:00,24/05/11 00:00,14/06/11 00:00,2961.5,-27.74,500,90
27,bare_fallow,17,20,14/06/11 00:00,04/07/11 00:00,04/07/11 00:00,15/07/11 00:00,14427.5,-28.12,500,90
27,bare_fallow,17,20,15/07/11 00:00,15/07/11 00:00,15/07/11 00:00,22/07/11 16:00,8935,-28.18,500,90
27,bare_fallow,17,35,22/07/11 16:00,23/07/11 20:25,23/07/11 20:25,24/07/11 15:58,3565.5,-27.8,500,90
27,bare_fallow,17,5,24/07/11 15:58,02/08/11 00:00,02/08/11 00:00,14/10/11 13:21,6025.46,-26.12,500,90
27,bare_fallow,17,35,14/10/11 13:21,17/10/11 11:00,17/10/11 11:00,18/10/11 19:02,6534.98,-26.8,500,90
27,bare_fallow,17,35,18/10/11 19:02,18/10/11 00:00,18/10/11 00:00,25/10/11 14:20,25633.51,-26.86,500,90
27,bare_fallow,17,20,25/10/11 14:20,10/11/11 00:00,10/11/11 00:00,17/11/11 15:32,3470.97,-25.64,500,90
28,bare_fallow,19,5,19/05/11 00:00,19/05/11 00:00,19/05/11 00:00,24/05/11 00:00,393.67,-28.46,500,90
28,bare_fallow,19,5,24/05/11 00:00,24/05/11 00:00,24/05/11 00:00,03/06/11 00:00,846,-29.29,500,90
28,bare_fallow,19,20,03/06/11 00:00,04/07/11 00:00,04/07/11 00:00,15/07/11 00:00,8520,-28.5,500,90
28,bare_fallow,19,20,15/07/11 00:00,15/07/11 00:00,15/07/11 00:00,22/07/11 16:00,4604,-28.3,500,90
28,bare_fallow,19,35,22/07/11 16:00,23/07/11 20:25,23/07/11 20:25,24/07/11 15:40,2076,-27.92,500,90
28,bare_fallow,19,5,24/07/11 15:40,02/08/11 00:00,02/08/11 00:00,11/10/11 19:18,4220.21,-26.2,500,90
28,bare_fallow,19,35,11/10/11 19:18,17/10/11 11:00,17/10/11 11:00,18/10/11 18:51,3798.58,-26.86,500,90
28,bare_fallow,19,35,18/10/11 18:51,18/10/11 00:00,18/10/11 00:00,25/10/11 14:42,17972.39,-27.14,500,90
28,bare_fallow,19,20,25/10/11 14:42,10/11/11 00:00,10/11/11 00:00,17/11/11 16:17,4339.44,-26.31,500,90
29,bare_fallow,19,5,03/05/11 14:00,16/05/11 00:00,16/05/11 00:00,19/05/11 00:00,429.5,-26.95,500,90
29,bare_fallow,19,5,19/05/11 00:00,19/05/11 00:00,19/05/11 00:00,24/05/11 00:00,782.88,-29.17,500,90
29,bare_fallow,19,5,24/05/11 00:00,24/05/11 00:00,24/05/11 00:00,03/06/11 00:00,1769.5,-28.73,500,90
29,bare_fallow,19,20,03/06/11 00:00,04/07/11 00:00,04/07/11 00:00,15/07/11 00:00,6079.5,-27.44,500,90
29,bare_fallow,19,20,15/07/11 00:00,15/07/11 00:00,15/07/11 00:00,22/07/11 16:00,3256,-27.39,500,90
29,bare_fallow,19,35,22/07/11 16:00,23/07/11 20:20,23/07/11 20:20,24/07/11 15:28,1124,-26.49,500,90
29,bare_fallow,19,5,24/07/11 15:28,02/08/11 00:00,02/08/11 00:00,14/10/11 11:59,5018.72,-26.37,500,90
29,bare_fallow,19,35,14/10/11 11:59,17/10/11 11:00,17/10/11 11:00,18/10/11 17:14,1483.98,-24.97,500,90
29,bare_fallow,19,35,18/10/11 17:14,18/10/11 00:00,18/10/11 00:00,25/10/11 14:02,2498.57,-26.54,500,90
29,bare_fallow,19,20,25/10/11 14:02,10/11/11 00:00,10/11/11 00:00,17/11/11 14:54,1416.14,-23.14,500,90
30,bare_fallow,19,5,03/05/11 14:00,16/05/11 00:00,16/05/11 00:00,19/05/11 00:00,566,-26.94,500,90
30,bare_fallow,19,5,19/05/11 00:00,19/05/11 00:00,19/05/11 00:00,24/05/11 00:00,497.18,-27.84,500,90
30,bare_fallow,19,5,24/05/11 00:00,24/05/11 00:00,24/05/11 00:00,03/06/11 00:00,2087.5,-28.94,500,90
30,bare_fallow,19,20,03/06/11 00:00,04/07/11 00:00,04/07/11 00:00,15/07/11 00:00,7352.5,-27.76,500,90
30,bare_fallow,19,20,15/07/11 00:00,15/07/11 00:00,15/07/11 00:00,22/07/11 16:00,3901.5,-27.43,500,90
30,bare_fallow,19,35,22/07/11 16:00,23/07/11 20:25,23/07/11 20:25,24/07/11 15:35,1360,-26.11,500,90
30,bare_fallow,19,5,24/07/11 15:35,02/08/11 00:00,02/08/11 00:00,14/10/11 12:08,4577.44,-26.36,500,90
30,bare_fallow,19,35,14/10/11 12:08,17/10/11 11:00,17/10/11 11:00,18/10/11 17:59,1696.48,-24.55,500,90
30,bare_fallow,19,35,18/10/11 17:59,18/10/11 00:00,18/10/11 00:00,25/10/11 14:11,5747.42,-25.4,500,90
30,bare_fallow,19,20,25/10/11 14:11,10/11/11 00:00,10/11/11 00:00,17/11/11 14:43,2691.88,-25.55,500,90
31,bare_fallow,21,5,19/05/11 00:00,19/05/11 00:00,19/05/11 00:00,24/05/11 00:00,645.89,-26.59,500,90
31,bare_fallow,21,5,24/05/11 00:00,24/05/11 00:00,24/05/11 00:00,03/06/11 00:00,1211,-28.07,500,90
31,bare_fallow,21,20,03/06/11 00:00,03/06/11 00:00,03/06/11 00:00,14/06/11 00:00,2848,-28.56,500,90
31,bare_fallow,21,20,14/06/11 00:00,04/07/11 00:00,04/07/11 00:00,15/07/11 15:00,6251,-28.73,500,90
31,bare_fallow,21,20,15/07/11 15:00,15/07/11 15:00,15/07/11 15:00,21/07/11 18:00,3301,-27.92,500,90
31,bare_fallow,21,20,21/07/11 18:00,21/07/11 18:00,21/07/11 18:00,22/07/11 16:00,717,,500,90
31,bare_fallow,21,35,22/07/11 16:00,23/07/11 20:20,23/07/11 20:20,24/07/11 15:10,1542,-27.39,500,90
31,bare_fallow,21,5,24/07/11 15:10,02/08/11 00:00,02/08/11 00:00,11/10/11 18:52,3966.61,-25.93,500,90
31,bare_fallow,21,35,11/10/11 18:52,17/10/11 11:00,17/10/11 11:00,18/10/11 16:27,2881.04,-25,500,90
31,bare_fallow,21,35,18/10/11 16:27,18/10/11 00:00,18/10/11 00:00,25/10/11 15:17,6586.29,-25.27,500,90
31,bare_fallow,21,20,25/10/11 15:17,10/11/11 00:00,10/11/11 00:00,17/11/11 14:03,3910.98,-26.36,500,90
32,bare_fallow,21,5,03/05/11 14:00,16/05/11 00:00,16/05/11 00:00,19/05/11 00:00,568.5,-28.64,500,90
32,bare_fallow,21,5,19/05/11 00:00,19/05/11 00:00,19/05/11 00:00,24/05/11 00:00,1111.08,,500,90
32,bare_fallow,21,5,24/05/11 00:00,24/05/11 00:00,24/05/11 00:00,03/06/11 00:00,2641.5,-29.93,500,90
32,bare_fallow,21,20,03/06/11 00:00,04/07/11 00:00,04/07/11 00:00,15/07/11 15:00,7646,-27.29,500,90
32,bare_fallow,21,20,15/07/11 15:00,15/07/11 15:00,15/07/11 15:00,21/07/11 18:00,3957.5,-27.5,500,90
32,bare_fallow,21,20,21/07/11 18:00,21/07/11 18:00,21/07/11 18:00,22/07/11 16:00,760.5,,500,90
32,bare_fallow,21,35,22/07/11 16:00,23/07/11 20:20,23/07/11 20:20,24/07/11 15:23,1198.5,-27.36,500,90
32,bare_fallow,21,5,24/07/11 15:23,02/08/11 00:00,02/08/11 00:00,11/10/11 18:36,6611.31,-26.02,500,90
32,bare_fallow,21,35,11/10/11 18:36,17/10/11 11:00,17/10/11 11:00,18/10/11 18:19,4320.76,-24.97,500,90
32,bare_fallow,21,35,18/10/11 18:19,18/10/11 00:00,18/10/11 00:00,25/10/11 15:28,6566.94,-23.01,500,90
32,bare_fallow,21,20,25/10/11 15:28,10/11/11 00:00,10/11/11 00:00,17/11/11 13:28,3890.09,-25.69,500,90
33,bare_fallow,21,5,03/05/11 14:00,16/05/11 00:00,16/05/11 00:00,19/05/11 00:00,514.5,-29.65,500,90
33,bare_fallow,21,5,19/05/11 00:00,19/05/11 00:00,19/05/11 00:00,24/05/11 00:00,1226.06,-30.78,500,90
33,bare_fallow,21,5,24/05/11 00:00,24/05/11 00:00,24/05/11 00:00,03/06/11 00:00,2560.5,-29.71,500,90
33,bare_fallow,21,20,03/06/11 00:00,04/07/11 00:00,04/07/11 00:00,15/07/11 15:00,16106,-26.65,500,90
33,bare_fallow,21,20,15/07/11 15:00,15/07/11 15:00,15/07/11 15:00,21/07/11 18:00,7253,-25.79,500,90
33,bare_fallow,21,20,21/07/11 18:00,21/07/11 18:00,21/07/11 18:00,22/07/11 16:00,1259.5,-26.46,500,90
33,bare_fallow,21,35,22/07/11 16:00,23/07/11 20:20,23/07/11 20:20,24/07/11 15:15,2418,-25.74,500,90
33,bare_fallow,21,5,24/07/11 15:15,02/08/11 00:00,02/08/11 00:00,11/10/11 18:30,7768.36,-24.81,500,90
33,bare_fallow,21,35,11/10/11 18:30,17/10/11 11:00,17/10/11 11:00,18/10/11 16:39,5656.11,-24.05,500,90
33,bare_fallow,21,35,18/10/11 16:39,18/10/11 00:00,18/10/11 00:00,25/10/11 15:37,11540.65,-24.17,500,90
33,bare_fallow,21,20,25/10/11 15:37,10/11/11 00:00,10/11/11 00:00,17/11/11 13:47,6766.2,-25.53,500,90
34,maize,1,5,03/05/11 14:00,16/05/11 00:00,16/05/11 00:00,14/06/11 00:00,,,125,170
34,maize,1,20,14/06/11 00:00,04/07/11 00:00,04/07/11 00:00,07/07/11 00:00,1637,-21.77,125,170
34,maize,1,20,07/07/11 00:00,07/07/11 00:00,07/07/11 00:00,25/07/11 00:00,2129,-26.36,125,170
34,maize,1,35,25/07/11 00:00,26/07/11 15:00,26/07/11 15:00,29/07/11 14:00,2576.5,-24.01,125,170
34,maize,1,5,29/07/11 14:00,02/08/11 00:00,02/08/11 00:00,14/10/11 20:57,1172.01,,125,170
34,maize,1,35,14/10/11 20:57,19/10/11 20:51,19/10/11 20:51,16/11/11 00:00,11961.2,-26.58,125,170
35,maize,1,5,03/05/11 14:00,16/05/11 00:00,16/05/11 00:00,14/06/11 00:00,,,125,170
35,maize,1,20,14/06/11 00:00,04/07/11 00:00,04/07/11 00:00,07/07/11 00:00,1587.5,-23.19,125,170
35,maize,1,20,07/07/11 00:00,07/07/11 00:00,07/07/11 00:00,25/07/11 00:00,2256,-26.69,125,170
35,maize,1,35,25/07/11 00:00,26/07/11 15:00,26/07/11 15:00,29/07/11 14:00,2988,-24.18,125,170
35,maize,1,5,29/07/11 14:00,02/08/11 00:00,02/08/11 00:00,14/10/11 21:03,966.5,,125,170
35,maize,1,35,14/10/11 21:03,19/10/11 20:51,19/10/11 20:51,16/11/11 00:00,12102.02,-26.59,125,170
36,maize,1,5,03/05/11 14:00,16/05/11 00:00,16/05/11 00:00,14/06/11 00:00,,,125,170
36,maize,1,20,14/06/11 00:00,04/07/11 00:00,04/07/11 00:00,07/07/11 00:00,1594,-20.53,125,170
36,maize,1,20,07/07/11 00:00,07/07/11 00:00,07/07/11 00:00,25/07/11 00:00,1913.5,-25.49,125,170
36,maize,1,35,25/07/11 00:00,26/07/11 15:00,26/07/11 15:00,29/07/11 14:00,2512,-23.45,125,170
36,maize,1,5,29/07/11 14:00,02/08/11 00:00,02/08/11 00:00,14/10/11 20:51,845.6,,125,170
36,maize,1,35,14/10/11 20:51,19/10/11 20:51,19/10/11 20:51,16/11/11 00:00,13550.03,-26.57,125,170
37,maize,3,5,19/05/11 00:00,19/05/11 00:00,19/05/11 00:00,23/06/11 00:00,448.5,-26.18,500,90
37,maize,3,20,23/06/11 00:00,04/07/11 00:00,04/07/11 00:00,07/07/11 00:00,315.5,-24.72,500,90
37,maize,3,20,07/07/11 00:00,07/07/11 00:00,07/07/11 00:00,19/07/11 20:50,781,,500,90
37,maize,3,20,19/07/11 20:50,19/07/11 20:50,19/07/11 20:50,22/07/11 20:05,243,,500,90
37,maize,3,35,22/07/11 20:05,25/07/11 20:20,25/07/11 20:20,27/07/11 15:00,613,,500,90
37,maize,3,5,27/07/11 15:00,02/08/11 00:00,02/08/11 00:00,11/10/11 18:22,628.54,,500,90
37,maize,3,20,11/10/11 18:22,11/10/11 00:00,11/10/11 00:00,17/11/11 00:00,1583.98,-24.97,500,90
38,maize,6.3,5,24/05/11 00:00,24/05/11 00:00,24/05/11 00:00,23/06/11 00:00,2103.5,-21.67,500,90
38,maize,6.3,20,23/06/11 00:00,04/07/11 00:00,04/07/11 00:00,07/07/11 00:00,2490,-26.39,500,90
38,maize,6.3,20,07/07/11 00:00,07/07/11 00:00,07/07/11 00:00,19/07/11 20:50,12646,,500,90
38,maize,6.3,20,19/07/11 20:50,19/07/11 20:50,19/07/11 20:50,22/07/11 20:05,17471,-28.97,500,90
38,maize,6.3,35,22/07/11 20:05,25/07/11 20:20,25/07/11 20:20,27/07/11 15:00,7636,-24.67,500,90
38,maize,6.3,5,27/07/11 15:00,02/08/11 00:00,02/08/11 00:00,11/10/11 17:58,8008.03,-23.75,500,90
38,maize,6.3,20,11/10/11 17:58,11/10/11 00:00,11/10/11 00:00,17/11/11 00:00,51149.62,-26.75,500,90
39,maize,6.5,5,03/05/11 00:00,24/05/11 00:00,24/05/11 00:00,23/06/11 00:00,1881,-21.62,500,90
39,maize,6.5,20,23/06/11 00:00,04/07/11 00:00,04/07/11 00:00,07/07/11 00:00,1648.5,-24.17,500,90
39,maize,6.5,20,07/07/11 00:00,07/07/11 00:00,07/07/11 00:00,19/07/11 20:50,7894.5,,500,90
39,maize,6.5,20,19/07/11 20:50,19/07/11 20:50,19/07/11 20:50,22/07/11 20:05,11017,-27.65,500,90
39,maize,6.5,35,22/07/11 20:05,25/07/11 20:20,25/07/11 20:20,27/07/11 15:00,4878.5,-23.2,500,90
39,maize,6.5,5,27/07/11 15:00,02/08/11 00:00,02/08/11 00:00,11/10/11 18:13,5247.83,-22.78,500,90
39,maize,6.5,20,11/10/11 18:13,11/10/11 00:00,11/10/11 00:00,17/11/11 00:00,56017.55,-27.16,500,90
40,maize,7,5,03/05/11 14:00,16/05/11 00:00,16/05/11 00:00,19/05/11 00:00,324.6,,500,90
40,maize,7,5,19/05/11 00:00,19/05/11 00:00,19/05/11 00:00,24/05/11 00:00,379.73,-20.34,500,90
40,maize,7,5,24/05/11 00:00,24/05/11 00:00,24/05/11 00:00,14/06/11 00:00,1726,-19.47,500,90
40,maize,7,20,14/06/11 00:00,04/07/11 00:00,04/07/11 00:00,07/07/11 00:00,3540,-25.19,500,90
40,maize,7,20,07/07/11 00:00,07/07/11 00:00,07/07/11 00:00,19/07/11 20:50,11124,-27.58,500,90
40,maize,7,20,19/07/11 20:50,19/07/11 20:50,19/07/11 20:50,22/07/11 22:05,3825,-27.22,500,90
40,maize,7,35,22/07/11 22:05,25/07/11 20:20,25/07/11 20:20,27/07/11 12:25,7343,-22.53,500,90
40,maize,7,5,27/07/11 12:25,02/08/11 00:00,02/08/11 00:00,11/10/11 17:19,8149.71,-19.79,500,90
40,maize,7,20,11/10/11 17:19,17/10/11 11:30,17/10/11 11:30,02/11/11 18:07,22913.49,-24.95,500,90
40,maize,7,35,02/11/11 18:07,10/11/11 00:00,10/11/11 00:00,16/11/11 18:15,31809,-25.06,500,90
41,maize,7,5,03/05/11 14:00,16/05/11 00:00,16/05/11 00:00,19/05/11 00:00,307,,500,90
41,maize,7,5,19/05/11 00:00,19/05/11 00:00,19/05/11 00:00,24/05/11 00:00,364.99,-20.51,500,90
41,maize,7,5,24/05/11 00:00,24/05/11 00:00,24/05/11 00:00,14/06/11 00:00,1592,-20.07,500,90
41,maize,7,20,14/06/11 00:00,04/07/11 00:00,04/07/11 00:00,07/07/11 00:00,3194,-24.83,500,90
41,maize,7,20,07/07/11 00:00,07/07/11 00:00,07/07/11 00:00,19/07/11 20:50,10127,-26.63,500,90
41,maize,7,20,19/07/11 20:50,19/07/11 20:50,19/07/11 20:50,25/07/11 20:20,13722,-27.4,500,90
41,maize,7,35,25/07/11 20:20,25/07/11 20:20,25/07/11 20:20,27/07/11 12:25,6287.5,-20.76,500,90
41,maize,7,5,27/07/11 12:25,02/08/11 00:00,02/08/11 00:00,11/10/11 17:29,7898.8,-19.74,500,90
41,maize,7,20,11/10/11 17:29,17/10/11 11:30,17/10/11 11:30,02/11/11 18:14,14993.42,-23.22,500,90
41,maize,7,35,02/11/11 18:14,10/11/11 00:00,10/11/11 00:00,16/11/11 18:23,24968.07,-24.63,500,90
42,maize,7,5,19/05/11 00:00,19/05/11 00:00,19/05/11 00:00,24/05/11 00:00,396.43,-22.17,500,90
42,maize,7,5,24/05/11 00:00,24/05/11 00:00,24/05/11 00:00,14/06/11 00:00,1525,-21.23,500,90
42,maize,7,20,14/06/11 00:00,04/07/11 00:00,04/07/11 00:00,07/07/11 00:00,2144.5,-23.36,500,90
42,maize,7,20,07/07/11 00:00,07/07/11 00:00,07/07/11 00:00,19/07/11 20:50,6077.5,-25.21,500,90
42,maize,7,20,19/07/11 20:50,19/07/11 20:50,19/07/11 20:50,22/07/11 20:05,1782,-25.17,500,90
42,maize,7,35,22/07/11 20:05,25/07/11 20:20,25/07/11 20:20,27/07/11 12:25,4906,-22.02,500,90
42,maize,7,5,27/07/11 12:25,02/08/11 00:00,02/08/11 00:00,11/10/11 17:46,5149.13,-20.07,500,90
42,maize,7,20,11/10/11 17:46,17/10/11 11:30,17/10/11 11:30,02/11/11 18:19,15681.32,-24.12,500,90
42,maize,7,35,02/11/11 18:19,10/11/11 00:00,10/11/11 00:00,16/11/11 18:34,29182.46,-23.59,500,90
43,maize,9,5,05/05/11 00:00,16/05/11 00:00,16/05/11 00:00,19/05/11 00:00,392,,500,90
43,maize,9,5,19/05/11 00:00,19/05/11 00:00,19/05/11 00:00,24/05/11 00:00,417.45,-19.44,500,90
43,maize,9,5,24/05/11 00:00,24/05/11 00:00,24/05/11 00:00,14/06/11 00:00,1848.5,-19.27,500,90
43,maize,9,20,14/06/11 00:00,04/07/11 00:00,04/07/11 00:00,07/07/11 00:00,2602,-21.66,500,90
43,maize,9,20,07/07/11 00:00,07/07/11 00:00,07/07/11 00:00,19/07/11 20:50,7178.5,-24.05,500,90
43,maize,9,20,19/07/11 20:50,19/07/11 20:50,19/07/11 20:50,22/07/11 21:05,2104,-24.08,500,90
43,maize,9,35,22/07/11 21:05,25/07/11 20:20,25/07/11 20:20,27/07/11 14:00,5303,-20.19,500,90
43,maize,9,5,27/07/11 14:00,02/08/11 00:00,02/08/11 00:00,11/10/11 16:41,4948.05,-18.86,500,90
43,maize,9,20,11/10/11 16:41,17/10/11 11:30,17/10/11 11:30,02/11/11 17:31,12149.19,-23.94,500,90
43,maize,9,35,02/11/11 17:31,10/11/11 00:00,10/11/11 00:00,16/11/11 17:42,27473.22,-24.01,500,90
44,maize,9,5,05/05/11 00:00,16/05/11 00:00,16/05/11 00:00,19/05/11 00:00,512,,500,90
44,maize,9,5,19/05/11 00:00,19/05/11 00:00,19/05/11 00:00,24/05/11 00:00,589.36,-16.42,500,90
44,maize,9,5,24/05/11 00:00,24/05/11 00:00,24/05/11 00:00,14/06/11 00:00,1273.5,-17.83,500,90
44,maize,9,20,14/06/11 00:00,04/07/11 00:00,04/07/11 00:00,07/07/11 00:00,5859,-27.33,500,90
44,maize,9,20,07/07/11 00:00,07/07/11 00:00,07/07/11 00:00,19/07/11 20:50,16893,-27.35,500,90
44,maize,9,20,19/07/11 20:50,19/07/11 20:50,19/07/11 20:50,22/07/11 21:05,6052,-27.84,500,90
44,maize,9,35,22/07/11 21:05,25/07/11 20:20,25/07/11 20:20,27/07/11 12:25,10348.5,-24,500,90
44,maize,9,5,27/07/11 12:25,02/08/11 00:00,02/08/11 00:00,11/10/11 17:03,5357.12,-20.1,500,90
44,maize,9,20,11/10/11 17:03,17/10/11 11:30,17/10/11 11:30,02/11/11 17:36,15568.1,-25.87,500,90
44,maize,9,35,02/11/11 17:36,10/11/11 00:00,10/11/11 00:00,16/11/11 17:53,40670.21,-25.54,500,90
45,maize,9,5,19/05/11 00:00,19/05/11 00:00,19/05/11 00:00,24/05/11 00:00,544.76,-19.73,500,90
45,maize,9,5,24/05/11 00:00,24/05/11 00:00,24/05/11 00:00,14/06/11 00:00,2217,-19.17,500,90
45,maize,9,20,14/06/11 00:00,04/07/11 00:00,04/07/11 00:00,07/07/11 00:00,3755.5,-24.77,500,90
45,maize,9,20,07/07/11 00:00,07/07/11 00:00,07/07/11 00:00,19/07/11 20:50,7849.5,-25.53,500,90
45,maize,9,20,19/07/11 20:50,19/07/11 20:50,19/07/11 20:50,22/07/11 21:05,2187,-25.25,500,90
45,maize,9,35,22/07/11 21:05,25/07/11 20:20,25/07/11 20:20,27/07/11 14:00,5094,-21.53,500,90
45,maize,9,5,27/07/11 14:00,02/08/11 00:00,02/08/11 00:00,11/10/11 17:10,4531.23,-19.52,500,90
45,maize,9,20,11/10/11 17:10,17/10/11 11:30,17/10/11 11:30,02/11/11 17:53,33966.26,-24.11,500,90
45,maize,9,35,02/11/11 17:53,10/11/11 00:00,10/11/11 00:00,16/11/11 18:01,25379.52,-24.51,500,90
46,maize,11,5,03/05/11 14:00,16/05/11 00:00,16/05/11 00:00,19/05/11 00:00,490,-19.56,500,90
46,maize,11,5,19/05/11 00:00,19/05/11 00:00,19/05/11 00:00,24/05/11 00:00,474.01,-20.6,500,90
46,maize,11,5,24/05/11 00:00,24/05/11 00:00,24/05/11 00:00,14/06/11 00:00,3882.5,-24.28,500,90
46,maize,11,20,14/06/11 00:00,04/07/11 00:00,04/07/11 00:00,07/07/11 00:00,6491,-25.54,500,90
46,maize,11,20,07/07/11 00:00,07/07/11 00:00,07/07/11 00:00,19/07/11 19:00,15862,-26.32,500,90
46,maize,11,20,19/07/11 19:00,19/07/11 19:00,19/07/11 19:00,22/07/11 21:05,4720,-25.56,500,90
46,maize,11,35,22/07/11 21:05,25/07/11 20:20,25/07/11 20:20,27/07/11 12:25,11490.5,-22.36,500,90
46,maize,11,5,27/07/11 12:25,02/08/11 00:00,02/08/11 00:00,11/10/11 16:49,11378.63,-21.36,500,90
46,maize,11,20,11/10/11 16:49,17/10/11 11:30,17/10/11 11:30,02/11/11 16:53,25676.96,-24.32,500,90
46,maize,11,35,02/11/11 16:53,10/11/11 00:00,10/11/11 00:00,16/11/11 17:18,33145.44,-24.86,500,90
47,maize,11,5,03/05/11 14:00,16/05/11 00:00,16/05/11 00:00,19/05/11 00:00,483,-18.73,500,90
47,maize,11,5,19/05/11 00:00,19/05/11 00:00,19/05/11 00:00,24/05/11 00:00,460.53,-19.24,500,90
47,maize,11,5,24/05/11 00:00,24/05/11 00:00,24/05/11 00:00,14/06/11 00:00,3854,-20.17,500,90
47,maize,11,20,14/06/11 00:00,04/07/11 00:00,04/07/11 00:00,07/07/11 00:00,5399.5,-25.51,500,90
47,maize,11,20,07/07/11 00:00,07/07/11 00:00,07/07/11 00:00,19/07/11 19:00,11862.5,-25.36,500,90
47,maize,11,20,19/07/11 19:00,19/07/11 19:00,19/07/11 19:00,22/07/11 21:05,3219,-24.57,500,90
47,maize,11,35,22/07/11 21:05,25/07/11 20:20,25/07/11 20:20,27/07/11 12:25,7395,-21.39,500,90
47,maize,11,5,27/07/11 12:25,02/08/11 00:00,02/08/11 00:00,11/10/11 16:26,9048.82,-20.83,500,90
47,maize,11,20,11/10/11 16:26,17/10/11 11:30,17/10/11 11:30,02/11/11 18:02,22146.85,-23.35,500,90
47,maize,11,35,02/11/11 18:02,10/11/11 00:00,10/11/11 00:00,16/11/11 17:26,35731.04,-24.87,500,90
48,maize,11,5,19/05/11 00:00,19/05/11 00:00,19/05/11 00:00,24/05/11 00:00,952.28,-18.3,500,90
48,maize,11,5,24/05/11 00:00,24/05/11 00:00,24/05/11 00:00,14/06/11 00:00,2525.5,-18.54,500,90
48,maize,11,20,14/06/11 00:00,04/07/11 00:00,04/07/11 00:00,07/07/11 00:00,5992.5,-26.05,500,90
48,maize,11,20,07/07/11 00:00,07/07/11 00:00,07/07/11 00:00,19/07/11 21:00,15043,-26.19,500,90
48,maize,11,20,19/07/11 21:00,19/07/11 21:00,19/07/11 21:00,22/07/11 21:05,4867,-25.78,500,90
48,maize,11,35,22/07/11 21:05,25/07/11 20:20,25/07/11 20:20,27/07/11 14:00,9258.5,-22.72,500,90
48,maize,11,5,27/07/11 14:00,02/08/11 00:00,02/08/11 00:00,11/10/11 16:17,8166.28,-20.79,500,90
48,maize,11,20,11/10/11 16:17,17/10/11 11:30,17/10/11 11:30,02/11/11 17:01,27620.52,-24.93,500,90
48,maize,11,35,02/11/11 17:01,10/11/11 00:00,10/11/11 00:00,16/11/11 17:09,34275.73,-24.01,500,90
49,maize,13,5,03/05/11 14:00,16/05/11 00:00,16/05/11 00:00,19/05/11 00:00,297,-18.98,500,90
49,maize,13,5,19/05/11 00:00,24/05/11 00:00,24/05/11 00:00,03/06/11 00:00,1166.5,-18.57,500,90
49,maize,13,20,03/06/11 00:00,04/07/11 00:00,04/07/11 00:00,07/07/11 00:00,8812.5,-25.96,500,90
49,maize,13,20,07/07/11 00:00,07/07/11 00:00,07/07/11 00:00,19/07/11 19:00,21166,-26.34,500,90
49,maize,13,20,19/07/11 19:00,19/07/11 19:00,19/07/11 19:00,22/07/11 22:05,5996,-25.95,500,90
49,maize,13,35,22/07/11 22:05,27/07/11 18:00,27/07/11 18:00,29/07/11 14:00,5432,-21.98,500,90
49,maize,13,5,29/07/11 14:00,02/08/11 00:00,02/08/11 00:00,11/10/11 15:26,14334.21,-21.76,500,90
49,maize,13,20,11/10/11 15:26,17/10/11 11:30,17/10/11 11:30,02/11/11 16:31,28177.98,-24.04,500,90
49,maize,13,35,02/11/11 16:31,10/11/11 00:00,10/11/11 00:00,16/11/11 16:29,29285.87,-23.6,500,90
50,maize,13,5,03/05/11 14:00,16/05/11 00:00,16/05/11 00:00,19/05/11 00:00,292,-20.01,500,90
50,maize,13,5,19/05/11 00:00,24/05/11 00:00,24/05/11 00:00,03/06/11 00:00,1064.5,-20.46,500,90
50,maize,13,20,03/06/11 00:00,04/07/11 00:00,04/07/11 00:00,07/07/11 00:00,9845.5,-25.44,500,90
50,maize,13,20,07/07/11 00:00,07/07/11 00:00,07/07/11 00:00,19/07/11 19:00,22561,-26.26,500,90
50,maize,13,20,19/07/11 19:00,19/07/11 19:00,19/07/11 19:00,22/07/11 22:05,5994,-25.74,500,90
50,maize,13,35,22/07/11 22:05,27/07/11 18:00,27/07/11 18:00,29/07/11 14:00,5589.5,-22.77,500,90
50,maize,13,5,29/07/11 14:00,02/08/11 00:00,02/08/11 00:00,11/10/11 15:33,16069.33,-22.4,500,90
50,maize,13,20,11/10/11 15:33,17/10/11 11:30,17/10/11 11:30,02/11/11 16:42,33564.87,-24.2,500,90
50,maize,13,35,02/11/11 16:42,10/11/11 00:00,10/11/11 00:00,16/11/11 16:18,35214.53,-22.14,500,90
51,maize,13,5,24/05/11 00:00,24/05/11 00:00,24/05/11 00:00,03/06/11 00:00,1326,-20.65,500,90
51,maize,13,20,03/06/11 00:00,04/07/11 00:00,04/07/11 00:00,07/07/11 00:00,9044,-26.09,500,90
51,maize,13,20,07/07/11 00:00,07/07/11 00:00,07/07/11 00:00,19/07/11 19:00,24579,-27.26,500,90
51,maize,13,20,19/07/11 19:00,19/07/11 19:00,19/07/11 19:00,22/07/11 21:05,6918,-27.85,500,90
51,maize,13,35,22/07/11 21:05,27/07/11 18:00,27/07/11 18:00,29/07/11 14:00,5812,-23.56,500,90
51,maize,13,5,29/07/11 14:00,02/08/11 00:00,02/08/11 00:00,11/10/11 15:49,14388.72,-22.12,500,90
51,maize,13,20,11/10/11 15:49,17/10/11 11:30,17/10/11 11:30,02/11/11 16:02,32533.3,-24.86,500,90
51,maize,13,35,02/11/11 16:02,10/11/11 00:00,10/11/11 00:00,16/11/11 16:40,38764.3,-25.44,500,90
52,maize,15,5,03/05/11 14:00,16/05/11 00:00,16/05/11 00:00,19/05/11 00:00,348,-18.67,500,90
52,maize,15,5,19/05/11 00:00,24/05/11 00:00,24/05/11 00:00,03/06/11 00:00,1117,-19.41,500,90
52,maize,15,20,03/06/11 00:00,04/07/11 00:00,04/07/11 00:00,07/07/11 00:00,7725,-23.59,500,90
52,maize,15,20,07/07/11 00:00,07/07/11 00:00,07/07/11 00:00,19/07/11 19:00,16474,-25.11,500,90
52,maize,15,20,19/07/11 19:00,19/07/11 19:00,19/07/11 19:00,22/07/11 21:05,4919,-24.61,500,90
52,maize,15,35,22/07/11 21:05,27/07/11 18:00,27/07/11 18:00,29/07/11 14:00,4963,-21.2,500,90
52,maize,15,5,29/07/11 14:00,02/08/11 00:00,02/08/11 00:00,11/10/11 15:13,14388.2,-20.43,500,90
52,maize,15,20,11/10/11 15:13,17/10/11 11:30,17/10/11 11:30,02/11/11 15:36,29064.08,-24.01,500,90
52,maize,15,35,02/11/11 15:36,10/11/11 00:00,10/11/11 00:00,16/11/11 15:53,33163.09,-23.72,500,90
53,maize,15,5,03/05/11 14:00,16/05/11 00:00,16/05/11 00:00,19/05/11 00:00,351,-18.59,500,90
53,maize,15,5,19/05/11 00:00,24/05/11 00:00,24/05/11 00:00,03/06/11 00:00,1169.5,-18.34,500,90
53,maize,15,20,03/06/11 00:00,04/07/11 00:00,04/07/11 00:00,07/07/11 00:00,9735.5,-24.53,500,90
53,maize,15,20,07/07/11 00:00,07/07/11 00:00,07/07/11 00:00,19/07/11 19:00,19196,-25.57,500,90
53,maize,15,20,19/07/11 19:00,19/07/11 19:00,19/07/11 19:00,22/07/11 21:05,5317,-24.56,500,90
53,maize,15,35,22/07/11 21:05,27/07/11 18:00,27/07/11 18:00,29/07/11 14:00,4919.5,-21.24,500,90
53,maize,15,5,29/07/11 14:00,02/08/11 00:00,02/08/11 00:00,11/10/11 14:43,17231.23,-19.22,500,90
53,maize,15,20,11/10/11 14:43,17/10/11 11:30,17/10/11 11:30,02/11/11 15:44,29296.3,-23.04,500,90
53,maize,15,35,02/11/11 15:44,10/11/11 00:00,10/11/11 00:00,16/11/11 16:09,32229.1,-23.73,500,90
54,maize,15,5,24/05/11 00:00,24/05/11 00:00,24/05/11 00:00,03/06/11 00:00,1358,-20.52,500,90
54,maize,15,20,03/06/11 00:00,04/07/11 00:00,04/07/11 00:00,07/07/11 00:00,9080,-25.67,500,90
54,maize,15,20,07/07/11 00:00,07/07/11 00:00,07/07/11 00:00,19/07/11 19:00,23259.5,-26.85,500,90
54,maize,15,20,19/07/11 19:00,19/07/11 19:00,19/07/11 19:00,22/07/11 21:05,7099,-26.26,500,90
54,maize,15,35,22/07/11 21:05,27/07/11 18:00,27/07/11 18:00,29/07/11 14:00,5851,-23.02,500,90
54,maize,15,5,29/07/11 14:00,02/08/11 00:00,02/08/11 00:00,11/10/11 15:02,16214.65,-20.82,500,90
54,maize,15,20,11/10/11 15:02,17/10/11 11:30,17/10/11 11:30,02/11/11 15:54,33052.58,-23.92,500,90
54,maize,15,35,02/11/11 15:54,10/11/11 00:00,10/11/11 00:00,16/11/11 16:48,35061.8,-24.44,500,90
55,maize,17,5,03/05/11 14:00,16/05/11 00:00,16/05/11 00:00,19/05/11 00:00,425,-19,500,90
55,maize,17,5,19/05/11 00:00,19/05/11 00:00,19/05/11 00:00,24/05/11 00:00,1133.86,-20.09,500,90
55,maize,17,5,24/05/11 00:00,24/05/11 00:00,24/05/11 00:00,03/06/11 00:00,1356,-20.36,500,90
55,maize,17,20,03/06/11 00:00,04/07/11 00:00,04/07/11 00:00,07/07/11 00:00,9062.5,-23.52,500,90
55,maize,17,20,07/07/11 00:00,07/07/11 00:00,07/07/11 00:00,19/07/11 18:00,19576,-24.47,500,90
55,maize,17,20,19/07/11 18:00,19/07/11 18:00,19/07/11 18:00,22/07/11 21:05,6366,-24.29,500,90
55,maize,17,35,22/07/11 21:05,27/07/11 18:00,27/07/11 18:00,29/07/11 14:00,5306,-21.15,500,90
55,maize,17,5,29/07/11 14:00,02/08/11 00:00,02/08/11 00:00,11/10/11 14:18,15898.39,-20.29,500,90
55,maize,17,20,11/10/11 14:18,17/10/11 11:30,17/10/11 11:30,02/11/11 15:08,34507.72,-23.93,500,90
55,maize,17,35,02/11/11 15:08,10/11/11 00:00,10/11/11 00:00,16/11/11 15:03,30644.29,-23.09,500,90
56,maize,17,5,03/05/11 14:00,16/05/11 00:00,16/05/11 00:00,19/05/11 00:00,403.5,-18.69,500,90
56,maize,17,5,19/05/11 00:00,19/05/11 00:00,19/05/11 00:00,24/05/11 00:00,1147.46,-19.34,500,90
56,maize,17,5,24/05/11 00:00,24/05/11 00:00,24/05/11 00:00,03/06/11 00:00,1434.5,-19.37,500,90
56,maize,17,20,03/06/11 00:00,04/07/11 00:00,04/07/11 00:00,07/07/11 00:00,8646,-22.46,500,90
56,maize,17,20,07/07/11 00:00,07/07/11 00:00,07/07/11 00:00,19/07/11 18:00,18762.5,-24.42,500,90
56,maize,17,20,19/07/11 18:00,19/07/11 18:00,19/07/11 18:00,22/07/11 21:05,6643,-23.94,500,90
56,maize,17,35,22/07/11 21:05,27/07/11 18:00,27/07/11 18:00,29/07/11 14:00,4654.5,-20.25,500,90
56,maize,17,5,29/07/11 14:00,02/08/11 00:00,02/08/11 00:00,11/10/11 14:02,14264.52,-20.47,500,90
56,maize,17,20,11/10/11 14:02,17/10/11 11:30,17/10/11 11:30,02/11/11 15:16,19613.52,-21.35,500,90
56,maize,17,35,02/11/11 15:16,10/11/11 00:00,10/11/11 00:00,16/11/11 15:42,24278.12,-20.42,500,90
57,maize,17,5,19/05/11 00:00,19/05/11 00:00,19/05/11 00:00,24/05/11 00:00,1131.57,-20.93,500,90
57,maize,17,5,24/05/11 00:00,24/05/11 00:00,24/05/11 00:00,03/06/11 00:00,1497.5,-21.82,500,90
57,maize,17,20,03/06/11 00:00,04/07/11 00:00,04/07/11 00:00,07/07/11 00:00,10165,-25.68,500,90
57,maize,17,20,07/07/11 00:00,07/07/11 00:00,07/07/11 00:00,19/07/11 18:00,28299,-26.8,500,90
57,maize,17,20,19/07/11 18:00,19/07/11 18:00,19/07/11 18:00,22/07/11 21:05,8370,-26.52,500,90
57,maize,17,35,22/07/11 21:05,27/07/11 18:00,27/07/11 18:00,29/07/11 14:00,6113.5,-23.38,500,90
57,maize,17,5,29/07/11 14:00,02/08/11 00:00,02/08/11 00:00,11/10/11 13:41,20292.47,-21,500,90
57,maize,17,20,11/10/11 13:41,17/10/11 11:30,17/10/11 11:30,02/11/11 15:27,44718.62,-25.43,500,90
57,maize,17,35,02/11/11 15:27,10/11/11 00:00,10/11/11 00:00,16/11/11 15:25,38983.55,-24.32,500,90
58,maize,19,5,03/05/11 14:00,16/05/11 00:00,16/05/11 00:00,19/05/11 00:00,501,-20,500,90
58,maize,19,5,19/05/11 00:00,19/05/11 00:00,19/05/11 00:00,24/05/11 00:00,996.64,-18.95,500,90
58,maize,19,5,24/05/11 00:00,24/05/11 00:00,24/05/11 00:00,03/06/11 00:00,1538,-20.47,500,90
58,maize,19,20,03/06/11 00:00,04/07/11 00:00,04/07/11 00:00,07/07/11 00:00,8658.5,-22.33,500,90
58,maize,19,20,07/07/11 00:00,07/07/11 00:00,07/07/11 00:00,19/07/11 18:00,22496.5,-24.49,500,90
58,maize,19,20,19/07/11 18:00,19/07/11 18:00,19/07/11 18:00,22/07/11 17:00,7067,-24.66,500,90
58,maize,19,35,22/07/11 17:00,27/07/11 18:00,27/07/11 18:00,29/07/11 14:00,5863,-21.74,500,90
58,maize,19,5,29/07/11 14:00,02/08/11 00:00,02/08/11 00:00,11/10/11 13:30,14051.64,-22.1,500,90
58,maize,19,20,11/10/11 13:30,17/10/11 11:30,17/10/11 11:30,02/11/11 14:46,37374.56,-24.53,500,90
58,maize,19,35,02/11/11 14:46,10/11/11 00:00,10/11/11 00:00,16/11/11 14:55,34151.69,-23.46,500,90
59,maize,19,5,03/05/11 14:00,16/05/11 00:00,16/05/11 00:00,19/05/11 00:00,528.5,-20.59,500,90
59,maize,19,5,19/05/11 00:00,19/05/11 00:00,19/05/11 00:00,24/05/11 00:00,1083.28,-20.32,500,90
59,maize,19,5,24/05/11 00:00,24/05/11 00:00,24/05/11 00:00,03/06/11 00:00,1792.5,-22.27,500,90
59,maize,19,20,03/06/11 00:00,04/07/11 00:00,04/07/11 00:00,07/07/11 00:00,10159,-23.22,500,90
59,maize,19,20,07/07/11 00:00,07/07/11 00:00,07/07/11 00:00,19/07/11 17:00,24393.5,-24.73,500,90
59,maize,19,20,19/07/11 17:00,19/07/11 17:00,19/07/11 17:00,22/07/11 17:00,7632.5,-25.41,500,90
59,maize,19,35,22/07/11 17:00,27/07/11 18:00,27/07/11 18:00,29/07/11 14:00,5769,-20.82,500,90
59,maize,19,5,29/07/11 14:00,02/08/11 00:00,02/08/11 00:00,11/10/11 13:00,17720.53,-20.49,500,90
59,maize,19,20,11/10/11 13:00,17/10/11 11:30,17/10/11 11:30,02/11/11 14:56,34904.24,-23.54,500,90
59,maize,19,35,02/11/11 14:56,10/11/11 00:00,10/11/11 00:00,16/11/11 16:57,36591.07,-23.76,500,90
60,maize,19,5,19/05/11 00:00,19/05/11 00:00,19/05/11 00:00,24/05/11 00:00,1440.85,-23.89,500,90
60,maize,19,5,24/05/11 00:00,24/05/11 00:00,24/05/11 00:00,03/06/11 00:00,2263.5,-24.12,500,90
60,maize,19,20,03/06/11 00:00,04/07/11 00:00,04/07/11 00:00,07/07/11 00:00,14603.5,-26.03,500,90
60,maize,19,20,07/07/11 00:00,07/07/11 00:00,07/07/11 00:00,19/07/11 17:00,34777,-26.92,500,90
60,maize,19,20,19/07/11 17:00,19/07/11 17:00,19/07/11 17:00,22/07/11 17:00,9208.5,-27.08,500,90
60,maize,19,35,22/07/11 17:00,27/07/11 18:00,27/07/11 18:00,29/07/11 14:00,7563.5,-23.94,500,90
60,maize,19,5,29/07/11 14:00,02/08/11 00:00,02/08/11 00:00,11/10/11 13:13,18100.75,-23.36,500,90
60,maize,19,20,11/10/11 13:13,17/10/11 11:30,17/10/11 11:30,02/11/11 14:37,41770.82,-25.2,500,90
60,maize,19,35,02/11/11 14:37,10/11/11 00:00,10/11/11 00:00,16/11/11 14:45,44521.38,-24.63,500,90
61,maize,21,5,03/05/11 14:00,16/05/11 00:00,16/05/11 00:00,19/05/11 00:00,492,-21.53,500,90
61,maize,21,5,19/05/11 00:00,19/05/11 00:00,19/05/11 00:00,24/05/11 00:00,1033.6,-22.6,500,90
61,maize,21,5,24/05/11 00:00,24/05/11 00:00,24/05/11 00:00,03/06/11 00:00,2260,-24.7,500,90
61,maize,21,20,03/06/11 00:00,04/07/11 00:00,04/07/11 00:00,07/07/11 00:00,10766.5,-24.7,500,90
61,maize,21,20,07/07/11 00:00,07/07/11 00:00,07/07/11 00:00,19/07/11 17:00,25343.5,-24.86,500,90
61,maize,21,20,19/07/11 17:00,19/07/11 17:00,19/07/11 17:00,22/07/11 17:00,8187.5,-24.63,500,90
61,maize,21,35,22/07/11 17:00,27/07/11 18:00,27/07/11 18:00,29/07/11 14:00,5761,-21.45,500,90
61,maize,21,5,29/07/11 14:00,02/08/11 00:00,02/08/11 00:00,11/10/11 11:56,18621.48,-22.16,500,90
61,maize,21,20,11/10/11 11:56,17/10/11 11:30,17/10/11 11:30,02/11/11 14:31,25393.57,-21.16,500,90
61,maize,21,35,02/11/11 14:31,10/11/11 00:00,10/11/11 00:00,16/11/11 14:31,27830.17,-19.93,500,90
62,maize,21,5,03/05/11 14:00,16/05/11 00:00,16/05/11 00:00,19/05/11 00:00,478,-21.34,500,90
62,maize,21,5,19/05/11 00:00,19/05/11 00:00,19/05/11 00:00,24/05/11 00:00,987.07,-22.23,500,90
62,maize,21,5,24/05/11 00:00,24/05/11 00:00,24/05/11 00:00,03/06/11 00:00,2159.5,-24.22,500,90
62,maize,21,20,03/06/11 00:00,04/07/11 00:00,04/07/11 00:00,07/07/11 00:00,10822,-24.66,500,90
62,maize,21,20,07/07/11 00:00,07/07/11 00:00,07/07/11 00:00,19/07/11 17:00,23855.5,-24.82,500,90
62,maize,21,20,19/07/11 17:00,19/07/11 17:00,19/07/11 17:00,22/07/11 17:00,7026,-24.12,500,90
62,maize,21,35,22/07/11 17:00,27/07/11 18:00,27/07/11 18:00,29/07/11 14:00,5593,-21.36,500,90
62,maize,21,5,29/07/11 14:00,02/08/11 00:00,02/08/11 00:00,11/10/11 12:19,16151.4,-21.23,500,90
62,maize,21,20,11/10/11 12:19,17/10/11 11:30,17/10/11 11:30,02/11/11 14:18,30659.53,-23.38,500,90
62,maize,21,35,02/11/11 14:18,10/11/11 00:00,10/11/11 00:00,16/11/11 15:14,34132.6,-23.1,500,90
63,maize,21,5,19/05/11 00:00,19/05/11 00:00,19/05/11 00:00,24/05/11 00:00,1502.63,-22.06,500,90
63,maize,21,5,24/05/11 00:00,24/05/11 00:00,24/05/11 00:00,03/06/11 00:00,2341,-24.04,500,90
63,maize,21,20,03/06/11 00:00,04/07/11 00:00,04/07/11 00:00,07/07/11 00:00,16721.5,-26.05,500,90
63,maize,21,20,07/07/11 00:00,07/07/11 00:00,07/07/11 00:00,19/07/11 17:00,39062.5,-26.36,500,90
63,maize,21,20,19/07/11 17:00,19/07/11 17:00,19/07/11 17:00,22/07/11 17:00,9781.5,-26.01,500,90
63,maize,21,35,22/07/11 17:00,27/07/11 18:00,27/07/11 18:00,29/07/11 14:00,7829,-23.53,500,90
63,maize,21,5,29/07/11 14:00,02/08/11 00:00,02/08/11 00:00,17/09/11 00:00,7439,-24.32,500,90
63,maize,21,5,17/09/11 00:00,11/10/11 00:00,11/10/11 00:00,11/10/11 00:00,,,500,90
63,maize,21,20,11/10/11 00:00,17/10/11 11:30,17/10/11 11:30,02/11/11 14:24,44608.2,-25.07,500,90
63,maize,21,35,02/11/11 14:24,10/11/11 00:00,10/11/11 00:00,16/11/11 14:20,47431.1,-24.57,500,90
64,maize,25,5,03/05/11 14:00,16/05/11 00:00,16/05/11 00:00,19/05/11 00:00,1193,-25.76,500,90
64,maize,25,5,19/05/11 00:00,19/05/11 00:00,19/05/11 00:00,24/05/11 00:00,2206.59,-25.2,500,90
64,maize,25,5,24/05/11 00:00,24/05/11 00:00,24/05/11 00:00,03/06/11 00:00,3500,-25.9,500,90
64,maize,25,5,03/06/11 00:00,03/06/11 00:00,03/06/11 00:00,23/06/11 00:00,956,-22.46,500,90
64,maize,25,20,23/06/11 00:00,04/07/11 00:00,04/07/11 00:00,07/07/11 00:00,8131.5,-22.81,500,90
64,maize,25,20,07/07/11 00:00,07/07/11 00:00,07/07/11 00:00,19/07/11 17:00,21754.5,-21.78,500,90
64,maize,25,20,19/07/11 17:00,19/07/11 17:00,19/07/11 17:00,21/07/11 18:15,4824.5,-22.03,500,90
64,maize,25,20,21/07/11 18:15,21/07/11 18:15,21/07/11 18:15,22/07/11 14:50,2238.5,-22.52,500,90
64,maize,25,35,22/07/11 14:50,27/07/11 18:00,27/07/11 18:00,29/07/11 14:00,4464.5,-20.67,500,90
64,maize,25,5,29/07/11 14:00,02/08/11 00:00,02/08/11 00:00,17/09/11 00:00,9102,-20.98,500,90
64,maize,25,5,17/09/11 00:00,11/10/11 00:00,11/10/11 00:00,11/10/11 00:00,,,500,90
64,maize,25,20,11/10/11 00:00,17/10/11 11:30,17/10/11 11:30,02/11/11 13:59,23884.67,-21.78,500,90
64,maize,25,35,02/11/11 13:59,10/11/11 00:00,10/11/11 00:00,16/11/11 13:42,33805.46,-20.66,500,90
65,maize,25,5,03/05/11 14:00,16/05/11 00:00,16/05/11 00:00,19/05/11 00:00,841,-24.1,500,90
65,maize,25,5,19/05/11 00:00,19/05/11 00:00,19/05/11 00:00,24/05/11 00:00,1701.59,-24.6,500,90
65,maize,25,5,24/05/11 00:00,24/05/11 00:00,24/05/11 00:00,03/06/11 00:00,2644.5,-24.71,500,90
65,maize,25,5,03/06/11 00:00,03/06/11 00:00,03/06/11 00:00,14/06/11 00:00,3743,-26.06,500,90
65,maize,25,5,14/06/11 00:00,14/06/11 00:00,14/06/11 00:00,23/06/11 00:00,841.5,-23.18,500,90
65,maize,25,20,23/06/11 00:00,04/07/11 00:00,04/07/11 00:00,07/07/11 00:00,7121,-24.66,500,90
65,maize,25,20,07/07/11 00:00,07/07/11 00:00,07/07/11 00:00,19/07/11 17:00,17983,-25.19,500,90
65,maize,25,20,19/07/11 17:00,19/07/11 17:00,19/07/11 17:00,21/07/11 18:15,4596,-24.28,500,90
65,maize,25,20,21/07/11 18:15,21/07/11 18:15,21/07/11 18:15,22/07/11 14:50,1918.5,-24.01,500,90
65,maize,25,35,22/07/11 14:50,27/07/11 18:00,27/07/11 18:00,29/07/11 14:00,4614,-21.06,500,90
65,maize,25,5,29/07/11 14:00,02/08/11 00:00,02/08/11 00:00,17/09/11 00:00,8085.5,-22.41,500,90
65,maize,25,5,17/09/11 00:00,11/10/11 00:00,11/10/11 00:00,11/10/11 00:00,,,500,90
65,maize,25,20,11/10/11 00:00,17/10/11 11:30,17/10/11 11:30,02/11/11 13:59,26964.64,-23.47,500,90
65,maize,25,35,02/11/11 13:59,10/11/11 00:00,10/11/11 00:00,16/11/11 14:00,35127.97,-22.01,500,90
66,maize,25,5,16/05/11 00:00,16/05/11 00:00,16/05/11 00:00,19/05/11 00:00,2392.5,-21.06,500,90
66,maize,25,5,19/05/11 00:00,19/05/11 00:00,19/05/11 00:00,24/05/11 00:00,1631.54,-22.25,500,90
66,maize,25,5,24/05/11 00:00,24/05/11 00:00,24/05/11 00:00,03/06/11 00:00,2739,-24.17,500,90
66,maize,25,5,03/06/11 00:00,03/06/11 00:00,03/06/11 00:00,14/06/11 00:00,3770,-25.42,500,90
66,maize,25,20,14/06/11 00:00,04/07/11 00:00,04/07/11 00:00,07/07/11 00:00,8934.5,-25.49,500,90
66,maize,25,20,07/07/11 00:00,07/07/11 00:00,07/07/11 00:00,19/07/11 17:00,26503,-25.28,500,90
66,maize,25,20,19/07/11 17:00,19/07/11 17:00,19/07/11 17:00,21/07/11 18:15,5526,-24.18,500,90
66,maize,25,20,21/07/11 18:15,21/07/11 18:15,21/07/11 18:15,22/07/11 14:50,2412.5,-23.9,500,90
66,maize,25,35,22/07/11 14:50,27/07/11 18:00,27/07/11 18:00,29/07/11 14:00,5331,-21.38,500,90
66,maize,25,5,29/07/11 14:00,02/08/11 00:00,02/08/11 00:00,17/09/11 00:00,9057,-22.38,500,90
66,maize,25,20,17/09/11 00:00,17/10/11 11:30,17/10/11 11:30,02/11/11 14:06,28186.41,-22.51,500,90
66,maize,25,35,02/11/11 14:06,10/11/11 00:00,10/11/11 00:00,16/11/11 14:09,38661.51,-20.68,500,90
