day,temp,moist
0,2.2,0.38
0.1,2.1,0.38
0.2,2.1,0.38
0.3,2.1,0.38
0.4,2,0.38
0.5,2.1,0.38
0.6,2.2,0.38
0.7,2.3,0.38
0.8,2.2,0.38
0.9,2.1,0.38
1,2.1,0.38
1.1,2.2,0.38
1.2,2.3,0.38
1.3,2.4,0.38
1.4,2.5,0.38
1.5,2.7,0.38
1.6,2.9,0.38
1.7,3.2,0.38
1.8,3.2,0.38
1.9,3.3,0.38
2,3.3,0.38
2.1,3.2,0.38
2.2,3.1,0.38
2.3,3,0.38
2.4,2.9,0.38
2.5,3.1,0.38
2.6,3.4,0.38
2.7,3.6,0.38
2.8,3.6,0.38
2.9,3.7,0.38
3,3.8,0.38
3.1,3.8,0.39
3.2,3.7,0.4
3.3,3.5,0.4
3.4,3.5,0.39
3.5,3.6,0.39
3.6,3.7,0.39
3.7,3.8,0.39
3.8,3.7,0.39
3.9,3.6,0.39
4,3.6,0.39
4.1,3.7,0.39
4.2,3.7,0.39
4.3,3.7,0.39
4.4,3.8,0.39
4.5,3.9,0.39
4.6,4,0.4
4.7,4,0.39
4.8,3.7,0.39
4.9,3.4,0.39
5,3.3,0.39
5.1,3.1,0.39
5.2,3,0.39
5.3,2.9,0.39
5.4,2.9,0.39
5.5,3.1,0.39
5.6,3.3,0.39
5.7,3.5,0.39
5.8,3.6,0.39
5.9,3.7,0.39
6,3.8,0.39
6.1,4,0.41
6.2,4.1,0.41
6.3,4.1,0.4
6.4,4.1,0.4
6.5,4.2,0.4
6.6,4.3,0.4
6.7,4.5,0.4
6.8,4.5,0.4
6.9,4.5,0.39
7,4.6,0.39
7.1,4.7,0.4
7.2,4.8,0.4
7.3,4.9,0.4
7.4,5.1,0.4
7.5,5.2,0.4
7.6,5.2,0.4
7.7,5.2,0.4
7.8,5.1,0.4
7.9,4.9,0.4
8,4.8,0.4
8.1,4.7,0.39
8.2,4.7,0.39
8.3,4.8,0.4
8.4,4.9,0.4
8.5,5,0.4
8.6,5.2,0.4
8.7,5.4,0.4
8.8,5.4,0.41
8.9,5.3,0.41
9,5.2,0.41
9.1,4.9,0.41
9.2,4.6,0.41
9.3,4.3,0.4
9.4,4.1,0.4
9.5,4,0.4
9.6,4.1,0.4
9.7,4.2,0.4
9.8,4.1,0.4
9.9,3.9,0.4
10,3.7,0.4
10.1,3.6,0.4
10.2,3.5,0.39
10.3,3.3,0.4
10.4,3.2,0.4
10.5,3.3,0.4
10.6,3.5,0.4
10.7,3.5,0.4
10.8,3.5,0.4
10.9,3.5,0.41
11,3.3,0.4
11.1,3.1,0.4
11.2,3,0.4
11.3,2.8,0.4
11.4,2.7,0.4
11.5,2.7,0.4
11.6,2.6,0.4
11.7,2.6,0.4
11.8,2.5,0.4
11.9,2.4,0.39
12,2.3,0.39
12.1,2.1,0.4
12.2,2,0.4
12.3,1.9,0.4
12.4,1.9,0.39
12.5,1.9,0.39
12.6,2,0.39
12.7,2.2,0.39
12.8,2.3,0.39
12.9,2.4,0.39
13,2.4,0.39
13.1,2.4,0.39
13.2,2.3,0.39
13.3,2.3,0.39
13.4,2.2,0.39
13.5,2.3,0.38
13.6,2.6,0.38
13.7,2.7,0.38
13.8,2.7,0.38
13.9,2.6,0.39
14,2.6,0.39
14.1,2.5,0.39
14.2,2.5,0.39
14.3,2.5,0.39
14.4,2.5,0.39
14.5,2.6,0.39
14.6,2.7,0.39
14.7,2.6,0.39
14.8,2.5,0.39
14.9,2.4,0.39
15,2.4,0.39
15.1,2.5,0.39
15.2,2.5,0.39
15.3,2.5,0.39
15.4,2.6,0.39
15.5,2.8,0.39
15.6,3,0.39
15.7,3.2,0.39
15.8,3.2,0.39
15.9,3.2,0.39
16,3.2,0.39
16.1,3.3,0.39
16.2,3.3,0.39
16.3,3.3,0.39
16.4,3.4,0.39
16.5,3.5,0.39
16.6,3.6,0.39
16.7,3.7,0.39
16.8,3.5,0.39
16.9,3.3,0.39
17,3.1,0.39
17.1,2.9,0.39
17.2,2.8,0.39
17.3,2.6,0.39
17.4,2.6,0.39
17.5,2.7,0.39
17.6,2.9,0.39
17.7,3,0.39
17.8,2.8,0.39
17.9,2.7,0.39
18,2.6,0.4
18.1,2.5,0.4
18.2,2.5,0.4
18.3,2.4,0.4
18.4,2.4,0.4
18.5,2.5,0.41
18.6,2.6,0.42
18.7,2.7,0.42
18.8,2.7,0.42
18.9,2.6,0.42
19,2.5,0.42
19.1,2.5,0.42
19.2,2.3,0.41
19.3,2.2,0.41
19.4,2.1,0.41
19.5,2.1,0.41
19.6,2,0.41
19.7,2,0.41
19.8,1.9,0.41
19.9,1.8,0.41
20,1.7,0.4
20.1,1.7,0.4
20.2,1.6,0.4
20.3,1.6,0.4
20.4,1.6,0.4
20.5,1.6,0.4
20.6,1.6,0.4
20.7,1.6,0.4
20.8,1.6,0.4
20.9,1.6,0.39
21,1.6,0.39
21.1,1.6,0.39
21.2,1.6,0.39
21.3,1.6,0.39
21.4,1.6,0.39
21.5,1.6,0.39
21.6,1.6,0.39
21.7,1.6,0.39
21.8,1.5,0.39
21.9,1.5,0.39
22,1.4,0.39
22.1,1.4,0.39
22.2,1.3,0.39
22.3,1.2,0.39
22.4,1.1,0.39
22.5,1.1,0.39
22.6,1,0.39
22.7,1,0.39
22.8,1,0.39
22.9,1,0.39
23,1,0.39
23.1,1,0.39
23.2,1,0.39
23.3,1,0.39
23.4,1,0.39
23.5,1,0.39
23.6,1,0.39
23.7,1,0.38
23.8,1,0.38
23.9,1,0.38
24,0.9,0.38
24.1,0.9,0.38
24.2,0.9,0.38
24.3,0.9,0.39
24.4,0.8,0.39
24.5,0.8,0.39
24.6,0.8,0.39
24.7,0.8,0.39
24.8,0.7,0.39
24.9,0.7,0.38
25,0.7,0.39
25.1,0.6,0.39
25.2,0.6,0.39
25.3,0.6,0.38
25.4,0.7,0.38
25.5,0.7,0.38
25.6,0.7,0.38
25.7,0.7,0.38
25.8,0.7,0.38
25.9,0.7,0.38
26,0.7,0.38
26.1,0.7,0.38
26.2,0.7,0.38
26.3,0.7,0.38
26.4,0.8,0.38
26.5,0.8,0.38
26.6,0.8,0.38
26.7,0.8,0.38
26.8,0.8,0.38
26.9,0.8,0.38
27,0.9,0.38
27.1,0.9,0.38
27.2,0.9,0.38
27.3,0.9,0.39
27.4,0.9,0.4
27.5,0.9,0.4
27.6,1,0.4
27.7,1,0.4
27.8,1,0.41
27.9,1,0.41
28,1,0.41
28.1,1,0.41
28.2,1,0.4
28.3,1,0.4
28.4,1,0.4
28.5,1,0.4
28.6,1,0.4
28.7,1,0.4
28.8,1,0.4
28.9,0.9,0.4
29,0.9,0.4
29.1,0.9,0.4
29.2,0.9,0.4
29.3,0.8,0.4
29.4,0.8,0.4
29.5,0.8,0.39
29.6,0.8,0.39
29.7,0.8,0.39
29.8,0.8,0.39
29.9,0.8,0.39
30,0.7,0.39
30.1,0.7,0.39
30.2,0.7,0.39
30.3,0.7,0.39
30.4,0.7,0.39
30.5,0.6,0.39
30.6,0.7,0.39
30.7,0.7,0.39
30.8,0.7,0.38
30.9,0.7,0.39
31,0.7,0.39
31.1,0.7,0.38
31.2,0.7,0.38
31.3,0.7,0.38
31.4,0.7,0.38
31.5,0.7,0.38
31.6,0.7,0.39
31.7,0.7,0.38
31.8,0.7,0.39
31.9,0.7,0.39
32,0.8,0.39
32.1,0.8,0.39
32.2,0.8,0.4
32.3,0.8,0.42
32.4,0.8,0.42
32.5,0.8,0.42
32.6,0.8,0.42
32.7,0.8,0.42
32.8,0.8,0.42
32.9,0.8,0.42
33,0.9,0.42
33.1,0.9,0.42
33.2,0.9,0.42
33.3,0.9,0.41
33.4,0.9,0.41
33.5,0.9,0.41
33.6,0.9,0.41
33.7,0.9,0.41
33.8,0.9,0.41
33.9,0.9,0.41
34,0.9,0.41
34.1,0.9,0.41
34.2,0.9,0.41
34.3,1,0.41
34.4,1,0.41
34.5,1,0.41
34.6,1,0.41
34.7,1,0.41
34.8,1,0.41
34.9,1,0.42
35,1,0.41
35.1,1,0.41
35.2,1,0.41
35.3,1,0.41
35.4,0.9,0.41
35.5,0.9,0.41
35.6,0.9,0.41
35.7,0.9,0.41
35.8,1,0.41
35.9,1,0.41
36,1,0.41
36.1,1,0.41
36.2,1,0.41
36.3,1,0.41
36.4,1,0.41
36.5,1,0.42
36.6,1,0.42
36.7,1,0.43
36.8,1,0.43
36.9,1,0.43
37,1,0.43
37.1,1,0.43
37.2,1,0.43
37.3,1,0.43
37.4,1,0.43
37.5,1,0.44
37.6,1,0.44
37.7,1.1,0.44
37.8,1.3,0.43
37.9,1.4,0.43
38,1.5,0.43
38.1,1.5,0.42
38.2,1.4,0.42
38.3,1.3,0.42
38.4,1.3,0.42
38.5,1.5,0.42
38.6,1.8,0.41
38.7,2,0.41
38.8,2.1,0.41
38.9,2.1,0.42
39,2.1,0.43
39.1,2.1,0.42
39.2,2,0.42
39.3,1.9,0.42
39.4,1.9,0.42
39.5,2,0.42
39.6,2.2,0.41
39.7,2.3,0.41
39.8,2.1,0.41
39.9,1.9,0.41
40,1.7,0.41
40.1,1.6,0.41
40.2,1.5,0.41
40.3,1.3,0.41
40.4,1.2,0.41
40.5,1.2,0.41
40.6,1.3,0.41
40.7,1.6,0.41
40.8,1.6,0.41
40.9,1.7,0.41
41,1.7,0.41
41.1,1.7,0.41
41.2,1.7,0.41
41.3,1.7,0.41
41.4,1.7,0.41
41.5,1.8,0.41
41.6,2,0.41
41.7,2.1,0.41
41.8,2,0.42
41.9,1.8,0.42
42,1.7,0.42
42.1,1.7,0.42
42.2,1.6,0.42
42.3,1.6,0.42
42.4,1.7,0.42
42.5,1.8,0.42
42.6,1.9,0.42
42.7,1.9,0.42
42.8,1.7,0.42
42.9,1.6,0.42
43,1.6,0.42
43.1,1.6,0.41
43.2,1.6,0.41
43.3,1.7,0.42
43.4,1.8,0.42
43.5,2,0.42
43.6,2.3,0.42
43.7,2.4,0.42
43.8,2.3,0.44
43.9,2.2,0.43
44,2.1,0.43
44.1,2.1,0.42
44.2,2,0.43
44.3,1.8,0.42
44.4,1.8,0.42
44.5,1.9,0.42
44.6,2.2,0.43
44.7,2.3,0.43
44.8,2.2,0.42
44.9,2.1,0.42
45,2.2,0.42
45.1,2.2,0.42
45.2,2.3,0.42
45.3,2.3,0.42
45.4,2.5,0.42
45.5,2.8,0.42
45.6,3.2,0.42
45.7,3.4,0.42
45.8,3.4,0.42
45.9,3.3,0.42
46,3.3,0.42
46.1,3.2,0.42
46.2,3.2,0.42
46.3,3.1,0.42
46.4,3.1,0.42
46.5,3.2,0.42
46.6,3.3,0.42
46.7,3.3,0.43
46.8,3.1,0.43
46.9,2.9,0.43
47,2.7,0.43
47.1,2.5,0.43
47.2,2.3,0.43
47.3,2.2,0.43
47.4,2.2,0.43
47.5,2.4,0.43
47.6,2.7,0.43
47.7,3,0.43
47.8,2.9,0.42
47.9,2.7,0.43
48,2.5,0.42
48.1,2.4,0.42
48.2,2.2,0.42
48.3,2.1,0.42
48.4,2.1,0.42
48.5,2.3,0.42
48.6,2.6,0.42
48.7,2.9,0.43
48.8,2.9,0.42
48.9,2.8,0.42
49,2.7,0.42
49.1,2.6,0.43
49.2,2.6,0.43
49.3,2.7,0.43
49.4,2.7,0.43
49.5,3,0.43
49.6,3.2,0.42
49.7,3.4,0.42
49.8,3.3,0.42
49.9,3.2,0.42
50,3,0.42
50.1,2.9,0.42
50.2,2.9,0.42
50.3,2.9,0.42
50.4,3,0.42
50.5,3.2,0.42
50.6,3.5,0.42
50.7,3.6,0.42
50.8,3.5,0.42
50.9,3.4,0.42
51,3.4,0.42
51.1,3.4,0.42
51.2,3.4,0.42
51.3,3.5,0.42
51.4,3.6,0.42
51.5,3.8,0.42
51.6,4,0.42
51.7,4.1,0.42
51.8,3.8,0.43
51.9,3.5,0.44
52,3.3,0.44
52.1,3,0.43
52.2,2.8,0.43
52.3,2.7,0.43
52.4,2.5,0.43
52.5,2.6,0.43
52.6,2.8,0.43
52.7,3,0.43
52.8,3,0.43
52.9,3,0.43
53,2.8,0.43
53.1,2.6,0.42
53.2,2.5,0.42
53.3,2.4,0.42
53.4,2.5,0.42
53.5,2.7,0.42
53.6,2.9,0.42
53.7,3,0.42
53.8,2.9,0.42
53.9,2.7,0.42
54,2.5,0.42
54.1,2.3,0.42
54.2,2.2,0.42
54.3,2.1,0.42
54.4,2,0.42
54.5,2.1,0.42
54.6,2.5,0.42
54.7,2.8,0.42
54.8,2.7,0.42
54.9,2.6,0.42
55,2.5,0.42
55.1,2.4,0.42
55.2,2.3,0.42
55.3,2.2,0.42
55.4,2.3,0.42
55.5,2.5,0.42
55.6,2.9,0.42
55.7,3.2,0.42
55.8,3.3,0.42
55.9,3.3,0.42
56,3.3,0.42
56.1,3.3,0.42
56.2,3.3,0.42
56.3,3.3,0.42
56.4,3.4,0.42
56.5,3.7,0.42
56.6,4.1,0.42
56.7,4.3,0.42
56.8,4.3,0.42
56.9,4.2,0.42
57,4.2,0.42
57.1,4.1,0.42
57.2,4,0.42
57.3,4,0.42
57.4,4,0.43
57.5,4.1,0.43
57.6,4.3,0.43
57.7,4.4,0.43
57.8,4.3,0.43
57.9,4.2,0.43
58,4,0.43
58.1,3.8,0.43
58.2,3.7,0.44
58.3,3.5,0.44
58.4,3.4,0.44
58.5,3.5,0.44
58.6,3.7,0.43
58.7,3.8,0.43
58.8,3.7,0.43
58.9,3.5,0.43
59,3.3,0.43
59.1,3.2,0.43
59.2,3.1,0.43
59.3,2.9,0.43
59.4,2.8,0.43
59.5,3,0.43
59.6,3.4,0.43
59.7,3.7,0.43
59.8,3.8,0.42
59.9,3.7,0.42
60,3.6,0.42
60.1,3.4,0.42
60.2,3.2,0.42
60.3,3.1,0.42
60.4,3.1,0.42
60.5,3.3,0.42
60.6,3.5,0.42
60.7,3.7,0.42
60.8,3.6,0.42
60.9,3.4,0.42
61,3.2,0.42
61.1,2.9,0.42
61.2,2.8,0.42
61.3,2.7,0.42
61.4,2.7,0.42
61.5,3,0.42
61.6,3.3,0.42
61.7,3.6,0.42
61.8,3.6,0.42
61.9,3.5,0.42
62,3.3,0.42
62.1,3.1,0.42
62.2,2.9,0.42
62.3,2.7,0.42
62.4,2.7,0.42
62.5,3.1,0.42
62.6,3.4,0.42
62.7,3.7,0.42
62.8,3.7,0.42
62.9,3.5,0.42
63,3.3,0.42
63.1,3.2,0.42
63.2,3.1,0.42
63.3,3,0.42
63.4,3.1,0.42
63.5,3.3,0.42
63.6,3.6,0.42
63.7,3.8,0.42
63.8,3.7,0.42
63.9,3.5,0.42
64,3.4,0.42
64.1,3.2,0.42
64.2,3,0.42
64.3,2.8,0.42
64.4,2.7,0.42
64.5,3,0.42
64.6,3.4,0.42
64.7,3.7,0.42
64.8,3.6,0.41
64.9,3.3,0.42
65,3.2,0.42
65.1,3,0.41
65.2,2.7,0.42
65.3,2.5,0.42
65.4,2.4,0.41
65.5,2.8,0.41
65.6,3.2,0.41
65.7,3.5,0.41
65.8,3.6,0.41
65.9,3.6,0.41
66,3.6,0.41
66.1,3.5,0.41
66.2,3.5,0.41
66.3,3.6,0.41
66.4,3.7,0.41
66.5,4,0.41
66.6,4.3,0.41
66.7,4.6,0.41
66.8,4.5,0.41
66.9,4.3,0.41
67,4,0.41
67.1,3.9,0.41
67.2,3.7,0.41
67.3,3.5,0.41
67.4,3.5,0.41
67.5,3.9,0.41
67.6,4.4,0.41
67.7,4.8,0.41
67.8,4.8,0.41
67.9,4.6,0.41
68,4.4,0.41
68.1,4.2,0.41
68.2,4.1,0.41
68.3,3.9,0.41
68.4,3.9,0.41
68.5,4.2,0.41
68.6,4.7,0.41
68.7,5,0.41
68.8,4.9,0.41
68.9,4.7,0.41
69,4.6,0.41
69.1,4.4,0.41
69.2,4.2,0.41
69.3,4,0.41
69.4,4,0.41
69.5,4.3,0.41
69.6,4.7,0.41
69.7,5,0.41
69.8,4.9,0.41
69.9,4.6,0.41
70,4.4,0.41
70.1,4.2,0.41
70.2,4,0.41
70.3,3.8,0.41
70.4,3.7,0.41
70.5,4,0.41
70.6,4.3,0.41
70.7,4.6,0.41
70.8,4.5,0.41
70.9,4.2,0.41
71,4,0.41
71.1,3.8,0.41
71.2,3.7,0.41
71.3,3.6,0.41
71.4,3.6,0.41
71.5,4,0.41
71.6,4.6,0.41
71.7,5,0.41
71.8,5,0.41
71.9,4.8,0.41
72,4.6,0.41
72.1,4.5,0.41
72.2,4.3,0.41
72.3,4.1,0.41
72.4,4.1,0.4
72.5,4.5,0.4
72.6,4.9,0.4
72.7,5.3,0.4
72.8,5.2,0.4
72.9,5,0.4
73,4.9,0.4
73.1,4.7,0.4
73.2,4.7,0.4
73.3,4.7,0.4
73.4,4.7,0.4
73.5,4.7,0.4
73.6,4.7,0.4
73.7,4.8,0.4
73.8,4.7,0.4
73.9,4.6,0.4
74,4.5,0.4
74.1,4.4,0.4
74.2,4.4,0.41
74.3,4.5,0.41
74.4,4.6,0.42
74.5,4.9,0.42
74.6,5.1,0.42
74.7,5.2,0.42
74.8,5.3,0.43
74.9,5.3,0.43
75,5.3,0.43
75.1,5.2,0.43
75.2,5.1,0.43
75.3,5.1,0.43
75.4,5.2,0.42
75.5,5.3,0.42
75.6,5.5,0.42
75.7,5.7,0.42
75.8,5.7,0.42
75.9,5.6,0.42
76,5.5,0.42
76.1,5.4,0.42
76.2,5.3,0.42
76.3,5.3,0.42
76.4,5.3,0.42
76.5,5.6,0.42
76.6,6,0.42
76.7,6.2,0.42
76.8,6.1,0.42
76.9,5.9,0.42
77,5.8,0.42
77.1,5.7,0.42
77.2,5.5,0.42
77.3,5.4,0.43
77.4,5.4,0.43
77.5,5.6,0.43
77.6,5.8,0.43
77.7,6.1,0.43
77.8,6,0.43
77.9,5.9,0.43
78,5.8,0.43
78.1,5.7,0.42
78.2,5.5,0.42
78.3,5.4,0.42
78.4,5.4,0.42
78.5,5.7,0.42
78.6,6.3,0.42
78.7,6.6,0.42
78.8,6.6,0.42
78.9,6.5,0.42
79,6.3,0.42
79.1,6.2,0.42
79.2,6.2,0.42
79.3,6.1,0.42
79.4,6.3,0.42
79.5,6.8,0.42
79.6,7.3,0.42
79.7,7.5,0.41
79.8,7.3,0.41
79.9,7,0.41
80,6.8,0.41
80.1,6.5,0.42
80.2,6.3,0.42
80.3,6.1,0.42
80.4,6.1,0.44
80.5,6.3,0.45
80.6,6.5,0.44
80.7,6.6,0.44
80.8,6.5,0.43
80.9,6.2,0.44
81,6.1,0.44
81.1,5.8,0.44
81.2,5.6,0.43
81.3,5.4,0.43
81.4,5.4,0.43
81.5,5.6,0.43
81.6,5.8,0.43
81.7,5.9,0.43
81.8,5.8,0.43
81.9,5.5,0.42
82,5.2,0.42
82.1,5,0.42
82.2,4.7,0.42
82.3,4.5,0.42
82.4,4.5,0.42
82.5,4.7,0.42
82.6,4.8,0.42
82.7,4.9,0.42
82.8,4.7,0.43
82.9,4.5,0.43
83,4.3,0.42
83.1,4.1,0.42
83.2,4,0.42
83.3,3.9,0.42
83.4,3.9,0.42
83.5,4.3,0.42
83.6,4.6,0.42
83.7,4.7,0.42
83.8,4.6,0.42
83.9,4.3,0.42
84,4.1,0.42
84.1,3.8,0.42
84.2,3.6,0.42
84.3,3.4,0.42
84.4,3.5,0.42
84.5,3.9,0.42
84.6,4.4,0.42
84.7,4.7,0.42
84.8,4.6,0.42
84.9,4.4,0.42
85,4.2,0.42
85.1,4,0.42
85.2,3.8,0.42
85.3,3.7,0.42
85.4,3.8,0.42
85.5,4.1,0.42
85.6,4.6,0.42
85.7,5,0.42
85.8,5,0.41
85.9,4.8,0.41
86,4.6,0.41
86.1,4.4,0.41
86.2,4.2,0.41
86.3,3.9,0.41
86.4,4,0.41
86.5,4.4,0.41
86.6,4.8,0.41
86.7,5,0.41
86.8,5,0.41
86.9,4.9,0.41
87,4.6,0.41
87.1,4.5,0.41
87.2,4.5,0.41
87.3,4.5,0.41
87.4,4.6,0.41
87.5,4.8,0.41
87.6,5.3,0.41
87.7,5.7,0.41
87.8,5.8,0.41
87.9,5.6,0.41
88,5.4,0.41
88.1,5.2,0.41
88.2,5,0.41
88.3,4.9,0.41
88.4,5.1,0.41
88.5,5.7,0.41
88.6,6.4,0.41
88.7,6.8,0.41
88.8,6.8,0.41
88.9,6.6,0.41
89,6.4,0.41
89.1,6.3,0.41
89.2,6.2,0.41
89.3,6.1,0.41
89.4,6.3,0.41
89.5,6.7,0.4
89.6,7.2,0.4
89.7,7.6,0.4
89.8,7.5,0.4
89.9,7.2,0.4
90,7,0.4
90.1,6.7,0.4
90.2,6.6,0.4
90.3,6.5,0.4
90.4,6.7,0.4
90.5,7.2,0.4
90.6,7.8,0.4
90.7,8.1,0.4
90.8,8,0.4
90.9,7.8,0.4
91,7.6,0.4
91.1,7.3,0.4
91.2,7,0.4
91.3,6.7,0.4
91.4,6.8,0.4
91.5,7.3,0.4
91.6,7.9,0.4
91.7,8.4,0.4
91.8,8.4,0.4
91.9,8.2,0.4
92,8,0.4
92.1,7.8,0.4
92.2,7.7,0.39
92.3,7.6,0.39
92.4,7.8,0.39
92.5,8.3,0.39
92.6,8.8,0.39
92.7,9.1,0.39
92.8,9.1,0.39
92.9,8.8,0.39
93,8.7,0.39
93.1,8.5,0.39
93.2,8.3,0.39
93.3,8.2,0.39
93.4,8.3,0.39
93.5,8.5,0.39
93.6,8.8,0.39
93.7,8.9,0.39
93.8,8.8,0.39
93.9,8.6,0.39
94,8.3,0.39
94.1,8.1,0.39
94.2,8,0.39
94.3,7.8,0.39
94.4,7.8,0.39
94.5,8.1,0.38
94.6,8.5,0.38
94.7,8.7,0.38
94.8,8.8,0.38
94.9,8.6,0.38
95,8.5,0.38
95.1,8.5,0.38
95.2,8.3,0.38
95.3,8.2,0.38
95.4,8.3,0.38
95.5,8.6,0.38
95.6,9,0.38
95.7,9.2,0.38
95.8,9.2,0.38
95.9,9,0.38
96,8.9,0.38
96.1,8.7,0.38
96.2,8.6,0.38
96.3,8.5,0.38
96.4,8.7,0.38
96.5,9.1,0.37
96.6,9.5,0.37
96.7,9.8,0.37
96.8,9.8,0.37
96.9,9.5,0.37
97,9.4,0.37
97.1,9.3,0.37
97.2,9.1,0.37
97.3,9.1,0.37
97.4,9.1,0.37
97.5,9.2,0.37
97.6,9.2,0.37
97.7,9,0.37
97.8,8.6,0.37
97.9,8.2,0.37
98,7.9,0.37
98.1,7.6,0.37
98.2,7.3,0.37
98.3,7.2,0.37
98.4,7.2,0.37
98.5,7.4,0.37
98.6,7.5,0.37
98.7,7.5,0.37
98.8,7.4,0.37
98.9,7.3,0.37
99,7.2,0.37
99.1,7.2,0.38
99.2,7.1,0.38
99.3,7.1,0.38
99.4,7.2,0.38
99.5,7.3,0.38
99.6,7.5,0.38
99.7,7.6,0.38
99.8,7.6,0.38
99.9,7.5,0.38
100,7.4,0.38
100.1,7.4,0.38
100.2,7.3,0.38
100.3,7.3,0.38
100.4,7.3,0.38
100.5,7.6,0.38
100.6,8,0.38
100.7,8.2,0.38
100.8,8.2,0.38
100.9,8.1,0.39
101,8,0.4
101.1,7.9,0.4
101.2,7.8,0.4
101.3,7.7,0.4
101.4,7.7,0.4
101.5,8,0.4
101.6,8.3,0.4
101.7,8.5,0.4
101.8,8.6,0.4
101.9,8.4,0.4
102,8.3,0.4
102.1,8.1,0.4
102.2,8,0.4
102.3,7.7,0.4
102.4,7.7,0.4
102.5,8,0.39
102.6,8.3,0.39
102.7,8.5,0.39
102.8,8.3,0.39
102.9,8.2,0.39
103,8,0.39
103.1,7.8,0.39
103.2,7.6,0.39
103.3,7.4,0.39
103.4,7.3,0.39
103.5,7.4,0.39
103.6,7.6,0.39
103.7,7.6,0.39
103.8,7.3,0.4
103.9,6.9,0.4
104,6.7,0.4
104.1,6.5,0.4
104.2,6.3,0.4
104.3,6.1,0.4
104.4,6.2,0.4
104.5,6.2,0.4
104.6,6.3,0.4
104.7,6.3,0.4
104.8,6.3,0.4
104.9,6.2,0.4
105,6,0.4
105.1,5.8,0.4
105.2,5.6,0.4
105.3,5.4,0.4
105.4,5.5,0.4
105.5,5.8,0.4
105.6,6.2,0.4
105.7,6.4,0.4
105.8,6.4,0.4
105.9,6.1,0.4
106,5.9,0.4
106.1,5.7,0.4
106.2,5.5,0.4
106.3,5.3,0.4
106.4,5.4,0.4
106.5,5.9,0.4
106.6,6.3,0.4
106.7,6.7,0.39
106.8,6.7,0.39
106.9,6.5,0.39
107,6.4,0.39
107.1,6.3,0.39
107.2,6.3,0.4
107.3,6.2,0.42
107.4,6.2,0.43
107.5,6.4,0.42
107.6,6.6,0.42
107.7,6.7,0.42
107.8,6.6,0.42
107.9,6.4,0.42
108,6.2,0.42
108.1,6,0.42
108.2,5.9,0.42
108.3,5.8,0.42
108.4,5.8,0.42
108.5,6,0.42
108.6,6.4,0.42
108.7,6.9,0.42
108.8,7.1,0.42
108.9,7.1,0.42
109,7,0.42
109.1,7.1,0.42
109.2,7,0.42
109.3,7,0.42
109.4,7.2,0.42
109.5,7.7,0.42
109.6,8.1,0.42
109.7,8.3,0.42
109.8,8.1,0.44
109.9,7.9,0.44
110,7.7,0.44
110.1,7.6,0.44
110.2,7.4,0.43
110.3,7.3,0.43
110.4,7.5,0.43
110.5,7.9,0.43
110.6,8.4,0.43
110.7,8.6,0.43
110.8,8.5,0.42
110.9,8.4,0.42
111,8.2,0.42
111.1,8,0.42
111.2,7.9,0.42
111.3,7.8,0.42
111.4,8,0.42
111.5,8.4,0.42
111.6,8.6,0.42
111.7,8.9,0.42
111.8,8.9,0.42
111.9,8.7,0.42
112,8.6,0.42
112.1,8.4,0.42
112.2,8.2,0.42
112.3,8.1,0.42
112.4,8.3,0.42
112.5,8.7,0.42
112.6,9,0.42
112.7,9.3,0.41
112.8,9.3,0.41
112.9,9.2,0.41
113,9,0.41
113.1,8.9,0.41
113.2,8.7,0.41
113.3,8.6,0.41
113.4,8.8,0.41
113.5,9.1,0.41
113.6,9.6,0.41
113.7,9.8,0.41
113.8,9.8,0.41
113.9,9.7,0.41
114,9.5,0.41
114.1,9.4,0.41
114.2,9.3,0.41
114.3,9.2,0.41
114.4,9.2,0.41
114.5,9.4,0.41
114.6,9.7,0.41
114.7,10,0.41
114.8,10,0.41
114.9,9.9,0.41
115,9.8,0.41
115.1,9.7,0.41
115.2,9.5,0.41
115.3,9.4,0.4
115.4,9.5,0.4
115.5,9.8,0.4
115.6,10.2,0.4
115.7,10.2,0.4
115.8,10.2,0.4
115.9,10.1,0.4
116,10,0.4
116.1,9.9,0.4
116.2,9.8,0.4
116.3,9.7,0.4
116.4,9.7,0.4
116.5,9.9,0.4
116.6,10.1,0.4
116.7,10.2,0.4
116.8,10.1,0.4
116.9,9.9,0.4
117,9.8,0.4
117.1,9.7,0.4
117.2,9.6,0.4
117.3,9.5,0.4
117.4,9.5,0.4
117.5,9.6,0.4
117.6,9.6,0.4
117.7,9.7,0.4
117.8,9.7,0.4
117.9,9.7,0.4
118,9.6,0.4
118.1,9.6,0.4
118.2,9.5,0.4
118.3,9.4,0.4
118.4,9.5,0.4
118.5,9.8,0.4
118.6,10,0.4
118.7,10.2,0.39
118.8,10.3,0.39
118.9,10.1,0.39
119,10,0.39
119.1,9.8,0.39
119.2,9.8,0.39
119.3,9.7,0.39
119.4,9.8,0.39
119.5,10.2,0.39
119.6,10.5,0.39
119.7,10.6,0.39
119.8,10.6,0.39
119.9,10.5,0.39
120,10.4,0.39
120.1,10.3,0.39
120.2,10.2,0.39
120.3,10.1,0.39
120.4,10.1,0.39
120.5,10.3,0.39
120.6,10.4,0.41
120.7,10.3,0.45
120.8,10.1,0.44
120.9,10,0.43
121,9.9,0.43
121.1,9.8,0.43
121.2,9.7,0.43
121.3,9.6,0.44
121.4,9.5,0.43
121.5,9.4,0.43
121.6,9.3,0.43
121.7,9.1,0.43
121.8,8.8,0.43
121.9,8.5,0.43
122,8.2,0.43
122.1,8,0.43
122.2,7.8,0.43
122.3,7.7,0.43
122.4,7.7,0.43
122.5,7.8,0.43
122.6,8,0.43
122.7,8.1,0.43
122.8,8.1,0.42
122.9,8,0.42
123,7.8,0.42
123.1,7.6,0.42
123.2,7.4,0.42
123.3,7.2,0.42
123.4,7.3,0.42
123.5,7.5,0.42
123.6,7.8,0.42
123.7,8,0.42
123.8,8,0.42
123.9,7.8,0.42
124,7.6,0.42
124.1,7.5,0.42
124.2,7.3,0.42
124.3,7.1,0.42
124.4,7.2,0.42
124.5,7.4,0.42
124.6,7.8,0.41
124.7,8.1,0.41
124.8,8.2,0.41
124.9,8.1,0.41
125,8.1,0.41
125.1,8,0.41
125.2,7.8,0.41
125.3,7.7,0.41
125.4,7.9,0.41
125.5,8.3,0.41
125.6,8.7,0.41
125.7,9,0.41
125.8,9,0.41
125.9,9,0.41
126,9,0.41
126.1,9,0.41
126.2,9,0.41
126.3,8.9,0.41
126.4,9,0.4
126.5,9.1,0.4
126.6,9.2,0.4
126.7,9.3,0.4
126.8,9.3,0.4
126.9,9.1,0.4
127,9,0.4
127.1,8.8,0.4
127.2,8.7,0.4
127.3,8.7,0.4
127.4,8.7,0.4
127.5,8.9,0.4
127.6,9,0.4
127.7,9.1,0.4
127.8,9.1,0.4
127.9,9,0.4
128,9,0.42
128.1,9,0.42
128.2,9,0.42
128.3,9,0.42
128.4,9.2,0.42
128.5,9.4,0.42
128.6,9.7,0.42
128.7,9.8,0.42
128.8,9.8,0.42
128.9,9.6,0.42
129,9.3,0.42
129.1,9,0.42
129.2,8.8,0.42
129.3,8.7,0.42
129.4,8.8,0.41
129.5,8.9,0.41
129.6,9.1,0.41
129.7,9.2,0.41
129.8,9.2,0.42
129.9,9.2,0.45
130,9.1,0.46
130.1,9,0.45
130.2,8.8,0.44
130.3,8.6,0.44
130.4,8.6,0.44
130.5,8.7,0.44
130.6,8.9,0.43
130.7,8.9,0.43
130.8,8.9,0.43
130.9,8.7,0.43
131,8.6,0.43
131.1,8.5,0.43
131.2,8.3,0.43
131.3,8.2,0.43
131.4,8.2,0.43
131.5,8.3,0.43
131.6,8.5,0.43
131.7,8.7,0.43
131.8,8.7,0.43
131.9,8.5,0.43
132,8.4,0.43
132.1,8.3,0.43
132.2,8.1,0.43
132.3,8.1,0.43
132.4,8,0.43
132.5,8.1,0.45
132.6,8.2,0.45
132.7,8.3,0.45
132.8,8.4,0.44
132.9,8.3,0.44
133,8.1,0.44
133.1,7.9,0.44
133.2,7.7,0.44
133.3,7.6,0.44
133.4,7.6,0.44
133.5,7.7,0.44
133.6,7.9,0.44
133.7,7.9,0.46
133.8,7.8,0.45
133.9,7.7,0.45
134,7.6,0.45
134.1,7.5,0.45
134.2,7.3,0.44
134.3,7.2,0.44
134.4,7.3,0.44
134.5,7.4,0.44
134.6,7.7,0.44
134.7,7.8,0.44
134.8,8,0.44
134.9,8,0.44
135,7.9,0.44
135.1,7.9,0.44
135.2,7.8,0.44
135.3,7.7,0.44
135.4,7.8,0.44
135.5,8.1,0.44
135.6,8.4,0.43
135.7,8.6,0.43
135.8,8.8,0.43
135.9,8.8,0.43
136,8.7,0.43
136.1,8.5,0.43
136.2,8.3,0.43
136.3,8.2,0.43
136.4,8.2,0.43
136.5,8.5,0.43
136.6,8.8,0.43
136.7,9.1,0.43
136.8,9.2,0.43
136.9,9.2,0.43
137,9.2,0.43
137.1,9.1,0.43
137.2,9,0.43
137.3,9,0.43
137.4,9.1,0.43
137.5,9.3,0.43
137.6,9.5,0.42
137.7,9.6,0.42
137.8,9.5,0.43
137.9,9.4,0.43
138,9.3,0.43
138.1,9.2,0.43
138.2,9.1,0.43
138.3,9,0.43
138.4,9.2,0.43
138.5,9.6,0.43
138.6,9.9,0.43
138.7,10.2,0.43
138.8,10.4,0.43
138.9,10.4,0.43
139,10.4,0.43
139.1,10.3,0.43
139.2,10.3,0.43
139.3,10.2,0.43
139.4,10.5,0.43
139.5,10.9,0.43
139.6,11.4,0.42
139.7,11.8,0.42
139.8,11.9,0.42
139.9,11.9,0.42
140,11.8,0.42
140.1,11.7,0.42
140.2,11.6,0.42
140.3,11.5,0.42
140.4,11.7,0.42
140.5,12.1,0.41
140.6,12.5,0.41
140.7,12.8,0.41
140.8,12.9,0.41
140.9,12.9,0.41
141,12.8,0.41
141.1,12.6,0.41
141.2,12.5,0.41
141.3,12.4,0.41
141.4,12.5,0.4
141.5,12.8,0.4
141.6,13.2,0.4
141.7,13.4,0.4
141.8,13.6,0.39
141.9,13.5,0.39
142,13.4,0.42
142.1,13,0.45
142.2,12.6,0.45
142.3,12.4,0.44
142.4,12.3,0.44
142.5,12.4,0.44
142.6,12.4,0.44
142.7,12.5,0.43
142.8,12.5,0.43
142.9,12.4,0.43
143,12.2,0.43
143.1,12,0.43
143.2,11.9,0.43
143.3,11.8,0.43
143.4,11.9,0.42
143.5,12.1,0.42
143.6,12.2,0.42
143.7,12.2,0.42
143.8,12.2,0.42
143.9,12.1,0.42
144,11.8,0.42
144.1,11.6,0.42
144.2,11.3,0.42
144.3,11,0.42
144.4,11.1,0.42
144.5,11.4,0.42
144.6,11.7,0.41
144.7,12,0.41
144.8,12.1,0.41
144.9,12,0.41
145,11.9,0.41
145.1,11.8,0.41
145.2,11.6,0.41
145.3,11.5,0.41
145.4,11.6,0.41
145.5,12,0.41
145.6,12.4,0.4
145.7,12.6,0.4
145.8,12.7,0.4
145.9,12.7,0.4
146,12.6,0.4
146.1,12.5,0.4
146.2,12.3,0.4
146.3,12.2,0.4
146.4,12.1,0.41
146.5,12.1,0.41
146.6,12.2,0.46
146.7,12.2,0.45
146.8,12.2,0.45
146.9,12.2,0.45
147,12.1,0.45
147.1,12.1,0.47
147.2,11.8,0.47
147.3,11.6,0.47
147.4,11.4,0.47
147.5,11.2,0.47
147.6,11.1,0.47
147.7,11,0.46
147.8,10.9,0.46
147.9,10.8,0.46
148,10.7,0.46
148.1,10.5,0.46
148.2,10.3,0.46
148.3,10.1,0.46
148.4,9.9,0.46
148.5,9.7,0.46
148.6,9.6,0.46
148.7,9.5,0.46
148.8,9.4,0.45
148.9,9.3,0.45
149,9.2,0.45
149.1,9.1,0.45
149.2,9,0.45
149.3,9,0.45
149.4,9,0.44
149.5,9.2,0.44
149.6,9.5,0.44
149.7,9.8,0.44
149.8,9.9,0.44
149.9,9.9,0.44
150,9.8,0.44
150.1,9.7,0.44
150.2,9.6,0.44
150.3,9.5,0.43
150.4,9.7,0.43
150.5,10,0.43
150.6,10.3,0.42
150.7,10.6,0.42
150.8,10.8,0.42
150.9,10.7,0.41
151,10.6,0.41
151.1,10.4,0.41
151.2,10.2,0.41
151.3,10,0.41
151.4,10.1,0.41
151.5,10.3,0.41
151.6,10.5,0.41
151.7,10.7,0.41
151.8,10.8,0.4
151.9,10.7,0.4
152,10.6,0.4
152.1,10.4,0.4
152.2,10.3,0.4
152.3,10.1,0.4
152.4,10.2,0.4
152.5,10.5,0.4
152.6,10.7,0.4
152.7,10.9,0.4
152.8,11,0.4
152.9,11,0.4
153,10.9,0.4
153.1,10.7,0.4
153.2,10.6,0.4
153.3,10.5,0.41
153.4,10.7,0.41
153.5,10.9,0.41
153.6,11.2,0.41
153.7,11.4,0.4
153.8,11.6,0.4
153.9,11.5,0.4
154,11.4,0.4
154.1,11.3,0.4
154.2,11.1,0.4
154.3,11.1,0.4
154.4,11.3,0.4
154.5,11.5,0.4
154.6,11.8,0.4
154.7,12,0.39
154.8,12.1,0.39
154.9,12,0.39
155,11.8,0.39
155.1,11.7,0.39
155.2,11.6,0.39
155.3,11.3,0.39
155.4,11.1,0.39
155.5,11.2,0.39
155.6,11.3,0.39
155.7,11.4,0.39
155.8,11.4,0.39
155.9,11.3,0.39
156,11.1,0.39
156.1,10.9,0.39
156.2,10.8,0.39
156.3,10.7,0.39
156.4,10.9,0.39
156.5,11.3,0.38
156.6,11.7,0.38
156.7,12.1,0.38
156.8,12.3,0.37
156.9,12.3,0.37
157,12.2,0.37
157.1,12.2,0.37
157.2,12.2,0.37
157.3,12.2,0.37
157.4,12.4,0.37
157.5,12.9,0.36
157.6,13.3,0.36
157.7,13.7,0.35
157.8,13.9,0.35
157.9,14,0.35
158,13.9,0.35
158.1,13.9,0.35
158.2,13.8,0.35
158.3,13.8,0.35
158.4,14.1,0.34
158.5,14.6,0.34
158.6,15.1,0.33
158.7,15.5,0.33
158.8,15.6,0.32
158.9,15.5,0.32
159,15.4,0.32
159.1,15.2,0.32
159.2,15,0.32
159.3,14.8,0.32
159.4,14.9,0.32
159.5,15.2,0.31
159.6,15.5,0.31
159.7,15.9,0.31
159.8,16,0.3
159.9,16,0.3
160,16,0.3
160.1,15.8,0.3
160.2,15.5,0.3
160.3,15.3,0.3
160.4,15.3,0.3
160.5,15.5,0.3
160.6,16,0.29
160.7,16.2,0.29
160.8,16.4,0.29
160.9,16.3,0.29
161,16.2,0.29
161.1,15.8,0.29
161.2,15.6,0.29
161.3,15.5,0.29
161.4,15.5,0.36
161.5,15.4,0.39
161.6,15.3,0.38
161.7,15.5,0.37
161.8,15.6,0.37
161.9,15.5,0.36
162,15.3,0.36
162.1,15,0.36
162.2,14.7,0.36
162.3,14.5,0.35
162.4,14.4,0.35
162.5,14.5,0.35
162.6,14.7,0.34
162.7,14.8,0.33
162.8,14.8,0.33
162.9,14.6,0.33
163,14.2,0.33
163.1,13.9,0.33
163.2,13.6,0.32
163.3,13.4,0.32
163.4,13.5,0.32
163.5,13.7,0.32
163.6,13.8,0.31
163.7,13.8,0.31
163.8,13.8,0.31
163.9,13.6,0.31
164,13.4,0.31
164.1,13.2,0.31
164.2,12.9,0.31
164.3,12.6,0.3
164.4,12.5,0.3
164.5,12.5,0.3
164.6,12.6,0.3
164.7,12.6,0.3
164.8,12.6,0.3
164.9,12.5,0.3
165,12.3,0.3
165.1,12.1,0.3
165.2,11.9,0.3
165.3,11.8,0.3
165.4,12,0.29
165.5,12.1,0.29
165.6,12.3,0.29
165.7,12.5,0.29
165.8,12.5,0.29
165.9,12.5,0.29
166,12.3,0.29
166.1,12.2,0.29
166.2,12.1,0.29
166.3,12,0.29
166.4,12.1,0.29
166.5,12.3,0.29
166.6,12.4,0.28
166.7,12.4,0.28
166.8,12.3,0.28
166.9,12.2,0.28
167,12.1,0.28
167.1,11.9,0.28
167.2,11.8,0.28
167.3,11.7,0.28
167.4,11.8,0.28
167.5,12.1,0.28
167.6,12.3,0.28
167.7,12.5,0.28
167.8,12.6,0.27
167.9,12.5,0.27
168,12.4,0.27
168.1,12.3,0.27
168.2,12.2,0.27
168.3,12.1,0.27
168.4,12.3,0.27
168.5,12.5,0.27
168.6,12.8,0.27
168.7,13.1,0.27
168.8,13.1,0.27
168.9,13,0.27
169,12.8,0.27
169.1,12.6,0.27
169.2,12.3,0.27
169.3,12.1,0.27
169.4,12,0.27
169.5,12,0.27
169.6,12.1,0.26
169.7,12.2,0.26
169.8,12.1,0.26
169.9,12,0.26
170,11.8,0.26
170.1,11.7,0.26
170.2,11.5,0.26
170.3,11.3,0.26
170.4,11.3,0.26
170.5,11.4,0.26
170.6,11.5,0.26
170.7,11.6,0.26
170.8,11.6,0.26
170.9,11.5,0.26
171,11.4,0.26
171.1,11.2,0.26
171.2,11.1,0.26
171.3,11,0.26
171.4,11,0.26
171.5,11.2,0.26
171.6,11.3,0.26
171.7,11.5,0.25
171.8,11.5,0.25
171.9,11.4,0.25
172,11.3,0.25
172.1,11.2,0.25
172.2,11.1,0.25
172.3,11,0.25
172.4,11.2,0.25
172.5,11.4,0.25
172.6,11.6,0.25
172.7,11.7,0.25
172.8,11.8,0.25
172.9,11.7,0.25
173,11.5,0.25
173.1,11.4,0.25
173.2,11.1,0.25
173.3,11,0.25
173.4,10.9,0.25
173.5,11,0.25
173.6,11.2,0.25
173.7,11.3,0.24
173.8,11.5,0.24
173.9,11.4,0.24
174,11.3,0.24
174.1,11.2,0.24
174.2,11,0.24
174.3,11,0.24
174.4,11.2,0.24
174.5,11.4,0.24
174.6,11.7,0.24
174.7,12,0.24
174.8,12.1,0.24
174.9,12,0.24
175,11.8,0.24
175.1,11.5,0.24
175.2,11.3,0.24
175.3,11,0.26
175.4,11,0.25
175.5,11,0.25
175.6,11.2,0.25
175.7,11.3,0.25
175.8,11.2,0.25
175.9,11.1,0.25
176,10.9,0.25
176.1,10.7,0.25
176.2,10.5,0.25
176.3,10.4,0.24
176.4,10.6,0.24
176.5,10.8,0.24
176.6,11.1,0.24
176.7,11.4,0.24
176.8,11.4,0.24
176.9,11.4,0.24
177,11.2,0.24
177.1,11,0.24
177.2,10.8,0.24
177.3,10.7,0.24
177.4,11,0.24
177.5,11.5,0.24
177.6,11.9,0.24
177.7,12.2,0.24
177.8,12.4,0.24
177.9,12.4,0.24
178,12.3,0.24
178.1,12.1,0.24
178.2,12,0.24
178.3,12,0.24
178.4,12.2,0.24
178.5,12.5,0.24
178.6,12.8,0.24
178.7,12.9,0.24
178.8,12.8,0.24
178.9,12.7,0.24
179,12.7,0.24
179.1,12.7,0.24
179.2,12.6,0.24
179.3,12.5,0.24
179.4,12.5,0.24
179.5,12.4,0.24
179.6,12.4,0.24
179.7,12.4,0.24
179.8,12.4,0.24
179.9,12.2,0.24
180,12.1,0.24
180.1,11.9,0.24
180.2,11.8,0.24
180.3,11.6,0.24
180.4,11.7,0.24
180.5,11.9,0.24
180.6,12.1,0.24
180.7,12.1,0.24
180.8,12.1,0.24
180.9,11.9,0.24
181,11.6,0.24
181.1,11.4,0.24
181.2,11.1,0.24
181.3,11,0.24
181.4,11.1,0.24
181.5,11.4,0.24
181.6,11.7,0.23
181.7,11.9,0.23
181.8,12.1,0.23
181.9,11.9,0.23
182,11.7,0.23
182.1,11.5,0.23
182.2,11.3,0.23
182.3,11.2,0.23
182.4,11.4,0.23
182.5,11.6,0.23
182.6,12,0.23
182.7,12.2,0.23
182.8,12.3,0.23
182.9,12.2,0.23
183,12,0.23
183.1,11.8,0.23
183.2,11.6,0.23
183.3,11.6,0.23
183.4,11.8,0.23
183.5,12.2,0.23
183.6,12.7,0.23
183.7,13.2,0.23
183.8,13.4,0.23
183.9,13.4,0.23
184,13.3,0.23
184.1,13.2,0.23
184.2,13,0.23
184.3,13,0.23
184.4,13.3,0.22
184.5,13.8,0.22
184.6,14.3,0.22
184.7,14.7,0.22
184.8,14.8,0.22
184.9,14.7,0.22
185,14.6,0.22
185.1,14.5,0.22
185.2,14.4,0.22
185.3,14.2,0.22
185.4,14.3,0.22
185.5,14.5,0.22
185.6,14.9,0.22
185.7,15,0.22
185.8,15,0.22
185.9,14.8,0.22
186,14.7,0.22
186.1,14.6,0.22
186.2,14.4,0.22
186.3,14.4,0.22
186.4,14.7,0.21
186.5,15,0.21
186.6,15.3,0.21
186.7,15.6,0.21
186.8,15.7,0.21
186.9,15.8,0.21
187,15.7,0.21
187.1,15.4,0.21
187.2,15,0.21
187.3,14.8,0.21
187.4,14.7,0.21
187.5,14.6,0.21
187.6,14.6,0.21
187.7,14.7,0.21
187.8,14.8,0.21
187.9,14.7,0.21
188,14.6,0.21
188.1,14.5,0.21
188.2,14.6,0.24
188.3,14.6,0.25
188.4,14.6,0.27
188.5,14.6,0.27
188.6,14.7,0.27
188.7,14.8,0.32
188.8,14.8,0.32
188.9,14.6,0.32
189,14.4,0.32
189.1,14.2,0.35
189.2,13.5,0.41
189.3,12.9,0.4
189.4,12.6,0.41
189.5,12.5,0.41
189.6,12.5,0.4
189.7,12.6,0.39
189.8,12.7,0.38
189.9,12.7,0.38
190,12.7,0.38
190.1,12.6,0.37
190.2,12.6,0.37
190.3,12.5,0.37
190.4,12.6,0.37
190.5,12.9,0.38
190.6,13.4,0.41
190.7,13.8,0.42
190.8,13.9,0.4
190.9,13.8,0.39
191,13.7,0.39
191.1,13.6,0.39
191.2,13.5,0.38
191.3,13.5,0.38
191.4,13.7,0.38
191.5,14.1,0.38
191.6,14.2,0.42
191.7,14.3,0.4
191.8,14.5,0.42
191.9,14.5,0.41
192,14.4,0.4
192.1,14.2,0.4
192.2,13.8,0.4
192.3,13.5,0.39
192.4,13.5,0.39
192.5,13.7,0.38
192.6,13.9,0.38
192.7,14.1,0.37
192.8,14.1,0.37
192.9,14,0.37
193,13.8,0.37
193.1,13.6,0.37
193.2,13.4,0.37
193.3,13.2,0.37
193.4,13.1,0.37
193.5,13.3,0.37
193.6,13.5,0.42
193.7,13.6,0.43
193.8,13.5,0.43
193.9,13.5,0.42
194,13.5,0.41
194.1,13.5,0.41
194.2,13.6,0.4
194.3,13.6,0.4
194.4,13.7,0.4
194.5,13.9,0.4
194.6,14.2,0.39
194.7,14.5,0.39
194.8,14.6,0.38
194.9,14.5,0.38
195,14.4,0.38
195.1,14.3,0.38
195.2,14.1,0.38
195.3,14,0.38
195.4,14.1,0.38
195.5,14.4,0.38
195.6,14.7,0.37
195.7,14.9,0.37
195.8,15,0.37
195.9,14.9,0.35
196,14.8,0.35
196.1,14.6,0.35
196.2,14.5,0.35
196.3,14.4,0.35
196.4,14.5,0.35
196.5,14.8,0.34
196.6,15,0.35
196.7,15.2,0.36
196.8,15.3,0.36
196.9,15.2,0.36
197,15.1,0.36
197.1,15,0.36
197.2,14.9,0.36
197.3,14.8,0.36
197.4,15,0.36
197.5,15.3,0.35
197.6,15.6,0.35
197.7,15.9,0.34
197.8,16,0.34
197.9,15.9,0.34
198,15.8,0.34
198.1,15.6,0.34
198.2,15.3,0.34
198.3,15.2,0.33
198.4,15.3,0.33
198.5,15.7,0.33
198.6,16.1,0.32
198.7,16.5,0.32
198.8,16.6,0.31
198.9,16.5,0.31
199,16.4,0.31
199.1,16.2,0.31
199.2,16,0.31
199.3,15.9,0.31
199.4,16,0.31
199.5,16.4,0.3
199.6,16.8,0.3
199.7,17.1,0.29
199.8,17.3,0.29
199.9,17.2,0.29
200,17,0.28
200.1,16.9,0.28
200.2,16.7,0.28
200.3,16.5,0.28
200.4,16.7,0.28
200.5,17.1,0.28
200.6,17.4,0.27
200.7,17.5,0.27
200.8,17.6,0.27
200.9,17.5,0.27
201,17.3,0.27
201.1,17.1,0.26
201.2,16.9,0.26
201.3,16.7,0.26
201.4,16.7,0.26
201.5,16.9,0.26
201.6,17,0.26
201.7,17.1,0.26
201.8,17.1,0.26
201.9,17.1,0.28
202,17.1,0.42
202.1,17,0.41
202.2,16.7,0.4
202.3,16.5,0.4
202.4,16.5,0.39
202.5,16.8,0.38
202.6,17.1,0.37
202.7,17.3,0.37
202.8,17.3,0.36
202.9,17.2,0.35
203,17.1,0.35
203.1,16.9,0.35
203.2,16.6,0.35
203.3,16.4,0.35
203.4,16.5,0.36
203.5,16.7,0.35
203.6,17,0.35
203.7,17.1,0.34
203.8,17.2,0.34
203.9,17,0.34
204,16.7,0.34
204.1,16.4,0.35
204.2,16,0.35
204.3,15.7,0.35
204.4,15.7,0.34
204.5,15.9,0.34
204.6,16.2,0.34
204.7,16.2,0.33
204.8,16.2,0.33
204.9,16,0.33
205,15.8,0.33
205.1,15.5,0.33
205.2,15.3,0.33
205.3,15.2,0.33
205.4,15.1,0.33
205.5,15.2,0.33
205.6,15.3,0.33
205.7,15.5,0.33
205.8,15.6,0.33
205.9,15.6,0.33
206,15.4,0.33
206.1,15.3,0.33
206.2,15.2,0.33
206.3,15.1,0.33
206.4,15.2,0.33
206.5,15.5,0.33
206.6,15.9,0.32
206.7,16.1,0.32
206.8,16,0.32
206.9,15.9,0.32
207,15.8,0.32
207.1,15.7,0.32
207.2,15.6,0.32
207.3,15.6,0.32
207.4,15.8,0.32
207.5,16.1,0.32
207.6,16.5,0.31
207.7,16.8,0.31
207.8,16.9,0.3
207.9,16.8,0.3
208,16.5,0.3
208.1,16.3,0.3
208.2,16.1,0.3
208.3,16,0.3
208.4,16.2,0.3
208.5,16.4,0.3
208.6,16.8,0.29
208.7,17,0.29
208.8,17.2,0.29
208.9,17.1,0.29
209,16.9,0.29
209.1,16.8,0.39
209.2,16.6,0.41
209.3,16.4,0.41
209.4,16.5,0.4
209.5,16.7,0.4
209.6,17,0.4
209.7,17.1,0.44
209.8,17,0.44
209.9,16.9,0.43
210,16.8,0.43
210.1,16.7,0.43
210.2,16.5,0.43
210.3,16.4,0.42
210.4,16.4,0.42
210.5,16.4,0.42
210.6,16.4,0.42
210.7,16.4,0.42
210.8,16.3,0.42
210.9,16.2,0.41
211,16.1,0.41
211.1,16,0.41
211.2,15.9,0.41
211.3,15.7,0.41
211.4,15.7,0.4
211.5,15.8,0.4
211.6,16.1,0.39
211.7,16.3,0.38
211.8,16.2,0.38
211.9,16,0.38
212,15.8,0.38
212.1,15.6,0.38
212.2,15.4,0.38
212.3,15.3,0.38
212.4,15.4,0.37
212.5,15.7,0.37
212.6,16,0.36
212.7,16.2,0.36
212.8,16.3,0.35
212.9,16.2,0.35
213,16,0.35
213.1,15.9,0.35
213.2,15.7,0.35
213.3,15.5,0.35
213.4,15.7,0.35
213.5,16.1,0.34
213.6,16.4,0.34
213.7,16.7,0.34
213.8,16.8,0.33
213.9,16.8,0.34
214,16.7,0.41
214.1,16.5,0.42
214.2,16.3,0.42
214.3,16.3,0.42
214.4,16.4,0.42
214.5,16.6,0.41
214.6,16.8,0.43
214.7,16.9,0.45
214.8,16.9,0.44
214.9,16.8,0.44
215,16.7,0.43
215.1,16.5,0.43
215.2,16.4,0.43
215.3,16.3,0.43
215.4,16.3,0.43
215.5,16.4,0.42
215.6,16.7,0.42
215.7,16.9,0.41
215.8,16.8,0.44
215.9,16.6,0.45
216,16.3,0.45
216.1,16.1,0.44
216.2,15.9,0.44
216.3,15.7,0.44
216.4,15.6,0.44
216.5,15.6,0.44
216.6,15.6,0.43
216.7,15.7,0.43
216.8,15.8,0.43
216.9,15.6,0.42
217,15.4,0.43
217.1,15.2,0.42
217.2,15,0.42
217.3,14.8,0.43
217.4,14.9,0.42
217.5,15.1,0.42
217.6,15.4,0.42
217.7,15.7,0.41
217.8,15.7,0.41
217.9,15.6,0.41
218,15.5,0.41
218.1,15.4,0.41
218.2,15.2,0.41
218.3,15.1,0.41
218.4,15.1,0.41
218.5,15.2,0.4
218.6,15.4,0.4
218.7,15.6,0.4
218.8,15.7,0.4
218.9,15.6,0.4
219,15.5,0.4
219.1,15.3,0.4
219.2,15.2,0.4
219.3,15.1,0.39
219.4,15.3,0.39
219.5,15.6,0.39
219.6,16,0.38
219.7,16.2,0.38
219.8,16.3,0.37
219.9,16.3,0.37
220,16.2,0.37
220.1,16,0.37
220.2,15.9,0.37
220.3,15.9,0.37
220.4,16.1,0.37
220.5,16.2,0.36
220.6,16.3,0.36
220.7,16.4,0.36
220.8,16.4,0.35
220.9,16.1,0.35
221,15.8,0.35
221.1,15.6,0.35
221.2,15.4,0.35
221.3,15.1,0.35
221.4,15,0.35
221.5,15.4,0.35
221.6,15.8,0.34
221.7,16.3,0.34
221.8,16.4,0.36
221.9,16.4,0.44
222,16.3,0.44
222.1,16.1,0.43
222.2,15.9,0.43
222.3,15.5,0.43
222.4,15.2,0.43
222.5,15.2,0.42
222.6,15.3,0.42
222.7,15.4,0.41
222.8,15.3,0.41
222.9,15.1,0.41
223,14.7,0.4
223.1,14.5,0.4
223.2,14.2,0.4
223.3,14.1,0.4
223.4,14.1,0.4
223.5,14.2,0.39
223.6,14.4,0.39
223.7,14.6,0.39
223.8,14.7,0.38
223.9,14.6,0.38
224,14.4,0.38
224.1,14.2,0.38
224.2,14,0.38
224.3,14,0.38
224.4,14.1,0.38
224.5,14.4,0.37
224.6,14.7,0.37
224.7,14.8,0.36
224.8,14.6,0.37
224.9,14.4,0.42
225,14.2,0.45
225.1,14,0.44
225.2,13.9,0.44
225.3,13.8,0.44
225.4,13.7,0.44
225.5,13.9,0.43
225.6,14.1,0.42
225.7,14.2,0.42
225.8,14.2,0.42
225.9,14.1,0.42
226,13.9,0.41
226.1,13.6,0.41
226.2,13.5,0.41
226.3,13.3,0.42
226.4,13.4,0.42
226.5,13.5,0.42
226.6,13.7,0.42
226.7,13.8,0.42
226.8,13.6,0.42
226.9,13.5,0.42
227,13.4,0.42
227.1,13.2,0.42
227.2,13.1,0.42
227.3,13,0.42
227.4,13,0.42
227.5,13.1,0.42
227.6,13.3,0.41
227.7,13.5,0.41
227.8,13.5,0.41
227.9,13.4,0.41
228,13.3,0.41
228.1,13.1,0.41
228.2,12.9,0.41
228.3,12.8,0.41
228.4,12.9,0.41
228.5,13.1,0.41
228.6,13.2,0.4
228.7,13.3,0.4
228.8,13.3,0.4
228.9,13.2,0.4
229,13.2,0.4
229.1,13.1,0.4
229.2,13,0.4
229.3,12.9,0.39
229.4,12.9,0.39
229.5,12.9,0.39
229.6,12.9,0.39
229.7,13,0.39
229.8,13,0.39
229.9,12.9,0.39
230,12.7,0.39
230.1,12.5,0.39
230.2,12.2,0.39
230.3,12,0.39
230.4,12.1,0.39
230.5,12.4,0.39
230.6,12.6,0.38
230.7,12.8,0.38
230.8,12.6,0.38
230.9,12.3,0.38
231,12,0.38
231.1,11.8,0.38
231.2,11.5,0.38
231.3,11.2,0.38
231.4,11.2,0.38
231.5,11.5,0.38
231.6,11.7,0.37
231.7,12,0.37
231.8,12.1,0.37
231.9,11.9,0.37
232,11.7,0.37
232.1,11.5,0.37
232.2,11.3,0.37
232.3,11.1,0.37
232.4,11.1,0.37
232.5,11.4,0.36
232.6,11.7,0.36
232.7,11.9,0.36
232.8,12,0.36
232.9,11.9,0.36
233,11.7,0.36
233.1,11.6,0.36
233.2,11.3,0.36
233.3,11.2,0.36
233.4,11.3,0.36
233.5,11.6,0.35
233.6,11.9,0.35
233.7,12.1,0.35
233.8,12.1,0.34
233.9,12.1,0.34
234,12,0.34
234.1,11.9,0.34
234.2,11.8,0.34
234.3,11.7,0.34
234.4,11.7,0.34
234.5,12,0.34
234.6,12.1,0.34
234.7,12.1,0.34
234.8,12,0.34
234.9,11.8,0.34
235,11.6,0.34
235.1,11.4,0.34
235.2,11.3,0.34
235.3,11.1,0.34
235.4,11,0.34
235.5,11.1,0.34
235.6,11.2,0.34
235.7,11.4,0.34
235.8,11.4,0.33
235.9,11.3,0.33
236,11.1,0.33
236.1,10.9,0.33
236.2,10.7,0.33
236.3,10.5,0.33
236.4,10.6,0.33
236.5,10.9,0.33
236.6,11.3,0.33
236.7,11.5,0.33
236.8,11.5,0.33
236.9,11.5,0.33
237,11.5,0.34
237.1,11.4,0.36
237.2,11.4,0.42
237.3,11.3,0.45
237.4,11.3,0.45
237.5,11.4,0.45
237.6,11.5,0.44
237.7,11.6,0.45
237.8,11.6,0.46
237.9,11.6,0.45
238,11.5,0.45
238.1,11.5,0.45
238.2,11.4,0.45
238.3,11.2,0.44
238.4,11.1,0.44
238.5,11.4,0.44
238.6,11.7,0.43
238.7,11.9,0.43
238.8,12,0.43
238.9,11.8,0.42
239,11.7,0.42
239.1,11.5,0.42
239.2,11.4,0.42
239.3,11.3,0.42
239.4,11.5,0.42
239.5,11.9,0.41
239.6,12.3,0.41
239.7,12.7,0.41
239.8,12.8,0.4
239.9,12.9,0.4
240,12.9,0.4
240.1,12.9,0.4
240.2,12.9,0.4
240.3,13,0.4
240.4,13,0.4
240.5,13.2,0.39
240.6,13.5,0.39
240.7,13.7,0.39
240.8,13.8,0.38
240.9,13.7,0.38
241,13.6,0.39
241.1,13.4,0.39
241.2,13.3,0.39
241.3,13.2,0.39
241.4,13.2,0.39
241.5,13.3,0.39
241.6,13.5,0.38
241.7,13.7,0.38
241.8,13.7,0.38
241.9,13.7,0.38
242,13.6,0.38
242.1,13.5,0.38
242.2,13.4,0.38
242.3,13.3,0.38
242.4,13.2,0.38
242.5,13.3,0.38
242.6,13.4,0.37
242.7,13.4,0.37
242.8,13.2,0.37
242.9,12.9,0.37
243,12.7,0.37
243.1,12.5,0.36
243.2,12.3,0.36
243.3,12.2,0.36
243.4,12.2,0.36
243.5,12.3,0.36
243.6,12.5,0.36
243.7,12.7,0.36
243.8,12.7,0.36
243.9,12.7,0.36
244,12.6,0.36
244.1,12.5,0.37
244.2,12.5,0.37
244.3,12.5,0.37
244.4,12.4,0.42
244.5,12.5,0.43
244.6,12.7,0.43
244.7,12.9,0.42
244.8,13,0.42
244.9,12.8,0.42
245,12.7,0.42
245.1,12.5,0.42
245.2,12.3,0.42
245.3,12.1,0.42
245.4,11.9,0.42
245.5,12,0.42
245.6,12.2,0.42
245.7,12.5,0.41
245.8,12.6,0.41
245.9,12.6,0.41
246,12.6,0.41
246.1,12.6,0.41
246.2,12.6,0.4
246.3,12.5,0.4
246.4,12.4,0.4
246.5,12.5,0.4
246.6,12.7,0.4
246.7,13,0.4
246.8,13.2,0.4
246.9,13.3,0.39
247,13.3,0.39
247.1,13.2,0.39
247.2,13.2,0.39
247.3,13.2,0.39
247.4,13.3,0.39
247.5,13.5,0.39
247.6,13.8,0.39
247.7,14.2,0.38
247.8,14.5,0.38
247.9,14.5,0.38
248,14.5,0.37
248.1,14.5,0.37
248.2,14.5,0.37
248.3,14.4,0.37
248.4,14.5,0.37
248.5,14.8,0.37
248.6,15,0.36
248.7,15.2,0.36
248.8,15.2,0.36
248.9,15,0.36
249,14.9,0.35
249.1,14.8,0.35
249.2,14.7,0.35
249.3,14.6,0.35
249.4,14.6,0.35
249.5,14.8,0.35
249.6,15,0.35
249.7,15.2,0.35
249.8,15.4,0.43
249.9,15.2,0.43
250,14.9,0.43
250.1,14.7,0.43
250.2,14.4,0.43
250.3,14.3,0.43
250.4,14.3,0.43
250.5,14.4,0.43
250.6,14.6,0.42
250.7,14.8,0.42
250.8,14.8,0.42
250.9,14.5,0.41
251,14.3,0.41
251.1,14.1,0.41
251.2,13.8,0.41
251.3,13.4,0.41
251.4,13.4,0.41
251.5,13.5,0.41
251.6,13.5,0.4
251.7,13.6,0.4
251.8,13.5,0.4
251.9,13.3,0.4
252,13.1,0.39
252.1,13,0.39
252.2,12.9,0.39
252.3,12.8,0.39
252.4,12.7,0.39
252.5,12.8,0.39
252.6,12.8,0.39
252.7,12.9,0.39
252.8,12.8,0.38
252.9,12.7,0.38
253,12.6,0.38
253.1,12.5,0.38
253.2,12.4,0.38
253.3,12.3,0.39
253.4,12.2,0.39
253.5,12.2,0.4
253.6,12.2,0.43
253.7,12.2,0.43
253.8,12.1,0.43
253.9,12,0.43
254,11.9,0.43
254.1,11.9,0.43
254.2,11.8,0.43
254.3,11.7,0.43
254.4,11.7,0.43
254.5,11.7,0.45
254.6,11.8,0.46
254.7,12,0.46
254.8,12.2,0.45
254.9,12.3,0.45
255,12.4,0.45
255.1,12.5,0.45
255.2,12.5,0.44
255.3,12.6,0.44
255.4,12.6,0.44
255.5,12.7,0.44
255.6,12.8,0.44
255.7,12.9,0.44
255.8,12.9,0.44
255.9,12.9,0.44
256,12.9,0.44
256.1,13,0.44
256.2,13,0.45
256.3,13,0.45
256.4,13,0.45
256.5,13.1,0.45
256.6,13.3,0.44
256.7,13.4,0.44
256.8,13.4,0.44
256.9,13.3,0.44
257,13.3,0.44
257.1,13.2,0.44
257.2,13.2,0.44
257.3,13.2,0.44
257.4,13.3,0.44
257.5,13.4,0.44
257.6,13.6,0.44
257.7,13.8,0.44
257.8,13.9,0.44
257.9,13.9,0.44
258,13.9,0.44
258.1,13.9,0.44
258.2,13.8,0.44
258.3,13.8,0.44
258.4,13.8,0.44
258.5,13.9,0.44
258.6,14.2,0.44
258.7,14.4,0.44
258.8,14.5,0.43
258.9,14.4,0.43
259,14.3,0.43
259.1,14.1,0.43
259.2,13.9,0.43
259.3,13.7,0.43
259.4,13.6,0.43
259.5,13.8,0.43
259.6,14.1,0.43
259.7,14.4,0.42
259.8,14.4,0.42
259.9,14.3,0.42
260,14.2,0.42
260.1,14.1,0.42
260.2,13.8,0.42
260.3,13.6,0.42
260.4,13.6,0.42
260.5,13.8,0.41
260.6,14,0.41
260.7,14.2,0.41
260.8,14.3,0.41
260.9,14.3,0.41
261,14.3,0.41
261.1,14.2,0.41
261.2,14.2,0.41
261.3,14.1,0.41
261.4,14.1,0.41
261.5,14.4,0.41
261.6,14.7,0.4
261.7,14.8,0.42
261.8,14.8,0.43
261.9,14.8,0.43
262,14.8,0.43
262.1,14.7,0.43
262.2,14.7,0.43
262.3,14.6,0.43
262.4,14.6,0.43
262.5,14.7,0.43
262.6,14.8,0.43
262.7,14.7,0.45
262.8,14.5,0.45
262.9,14.3,0.45
263,14.2,0.45
263.1,14,0.45
263.2,13.9,0.45
263.3,13.8,0.45
263.4,13.8,0.45
263.5,13.8,0.45
263.6,13.9,0.45
263.7,13.7,0.46
263.8,13.5,0.46
263.9,13.3,0.46
264,13,0.45
264.1,12.7,0.45
264.2,12.5,0.45
264.3,12.2,0.45
264.4,12,0.45
264.5,11.9,0.45
264.6,11.5,0.46
264.7,11.3,0.46
264.8,11.2,0.46
264.9,11.1,0.45
265,11,0.45
265.1,10.9,0.45
265.2,10.8,0.45
265.3,10.7,0.45
265.4,10.7,0.45
265.5,10.8,0.45
265.6,10.9,0.45
265.7,11.1,0.44
265.8,10.9,0.44
265.9,10.8,0.44
266,10.6,0.44
266.1,10.4,0.44
266.2,10.2,0.44
266.3,10,0.44
266.4,9.9,0.44
266.5,10.1,0.44
266.6,10.4,0.44
266.7,10.6,0.44
266.8,10.7,0.44
266.9,10.6,0.44
267,10.5,0.44
267.1,10.4,0.44
267.2,10.4,0.44
267.3,10.3,0.44
267.4,10.4,0.44
267.5,10.5,0.43
267.6,10.8,0.43
267.7,10.9,0.43
267.8,11,0.43
267.9,11,0.43
268,11,0.43
268.1,11,0.43
268.2,10.9,0.43
268.3,10.9,0.43
268.4,10.9,0.43
268.5,11,0.43
268.6,11.1,0.43
268.7,11.3,0.43
268.8,11.4,0.42
268.9,11.5,0.42
269,11.5,0.42
269.1,11.6,0.42
269.2,11.6,0.42
269.3,11.6,0.42
269.4,11.7,0.42
269.5,11.8,0.42
269.6,12.1,0.42
269.7,12.3,0.42
269.8,12.2,0.42
269.9,12,0.42
270,11.9,0.42
270.1,11.8,0.42
270.2,11.6,0.42
270.3,11.5,0.42
270.4,11.5,0.42
270.5,11.8,0.42
270.6,12.2,0.41
270.7,12.5,0.41
270.8,12.6,0.41
270.9,12.5,0.41
271,12.5,0.41
271.1,12.5,0.41
271.2,12.4,0.41
271.3,12.4,0.41
271.4,12.5,0.4
271.5,12.8,0.4
271.6,13.2,0.4
271.7,13.4,0.4
271.8,13.5,0.39
271.9,13.5,0.39
272,13.5,0.39
272.1,13.4,0.39
272.2,13.4,0.39
272.3,13.3,0.39
272.4,13.3,0.39
272.5,13.4,0.39
272.6,13.6,0.39
272.7,13.8,0.38
272.8,13.8,0.38
272.9,13.7,0.38
273,13.6,0.38
273.1,13.5,0.38
273.2,13.3,0.38
273.3,13.1,0.38
273.4,13.1,0.38
273.5,13.2,0.38
273.6,13.5,0.37
273.7,13.6,0.37
273.8,13.6,0.37
273.9,13.5,0.37
274,13.4,0.37
274.1,13.3,0.37
274.2,13.2,0.37
274.3,13,0.37
274.4,13,0.37
274.5,13.1,0.36
274.6,13.3,0.36
274.7,13.5,0.36
274.8,13.4,0.36
274.9,13.3,0.35
275,13.1,0.35
275.1,13,0.35
275.2,12.8,0.35
275.3,12.7,0.35
275.4,12.6,0.35
275.5,12.7,0.35
275.6,13,0.35
275.7,13.2,0.35
275.8,13.1,0.35
275.9,12.9,0.35
276,12.7,0.35
276.1,12.5,0.35
276.2,12.3,0.35
276.3,12,0.35
276.4,11.8,0.35
276.5,11.9,0.34
276.6,12.2,0.34
276.7,12.4,0.34
276.8,12.4,0.34
276.9,12.2,0.34
277,11.9,0.34
277.1,11.7,0.34
277.2,11.4,0.34
277.3,11.1,0.34
277.4,11.1,0.34
277.5,11.3,0.34
277.6,11.5,0.34
277.7,11.8,0.33
277.8,11.8,0.33
277.9,11.6,0.33
278,11.4,0.33
278.1,11.2,0.33
278.2,11,0.33
278.3,10.7,0.33
278.4,10.6,0.33
